Geneid	Length
C1_00010W	336
C1_00020C	309
C1_00030C	309
C1_00040W	827
C1_00050C	345
C1_00060W	1583
C1_00070W	112
C1_00080C	849
C1_00090W	519
C1_00100C	1212
C1_00110W	1629
C1_00120C	678
C1_00130C	2097
C1_00140W	3609
C1_00150C	2038
C1_00160C	1320
C1_00170W	1797
C1_00180W	627
C1_00190C	933
C1_00200C	516
C1_00210C	1286
C1_00220W	1736
C1_00230C	1583
C1_00270W	981
C1_00280C	128
C1_00290W	2004
C1_00310W	2232
C1_00320W	936
C1_00330C	589
C1_00340W	775
C1_00350C	1002
C1_00360W	1341
C1_00370W	282
C1_00380C	2397
C1_00390W	3404
C1_00400W	1229
C1_00410C	2120
C1_00420W	1005
C1_00430W	1776
C1_00440W	103
C1_00450C	761
C1_00460W	377
C1_00470C	1481
C1_00480C	2475
C1_00490C	512
C1_00500C	1109
C1_00510W	990
C1_00520W	699
C1_00530C	2658
C1_00540C	2305
C1_00550W	2067
C1_00560W	1212
C1_00570C	2485
C1_00580W	992
C1_00590W	1355
C1_00600W	4657
C1_00610W	1822
C1_00620W	983
C1_00630W	2112
C1_00640C	4210
C1_00650C	1085
C1_00660C	1125
C1_00670C	1957
C1_00680W	2547
C1_00690W	3363
C1_00700W	418
C1_00710C	2047
C1_00730C	2175
C1_00740C	1748
C1_00750C	2817
C1_00760W	657
C1_00770C	1504
C1_00780C	3671
C1_00790W	1193
C1_00800C	825
C1_00810W	1035
C1_00820W	1362
C1_00830W	1971
C1_00840C	2355
C1_00850W	793
C1_00860W	1135
C1_00870W	2242
C1_00880W	2402
C1_00890W	2203
C1_00900W	649
C1_00910W	45
C1_00920W	3956
C1_00930C	5155
C1_00940W	50
C1_00950C	2570
C1_00960C	3597
C1_00970W	154
C1_00980W	314
C1_00990C	3088
C1_01000C	1245
C1_01010W	468
C1_01030W	1071
C1_01040W	633
C1_01050C	1011
C1_01060W	480
C1_01070C	1879
C1_01080W	1553
C1_01090C	550
C1_01100W	7151
C1_01110C	1713
C1_01130W	2487
C1_01140C	2564
C1_01150C	2615
C1_01160C	953
C1_01170C	2371
C1_01180C	2286
C1_01190C	1538
C1_01200W	1993
C1_01210W	1272
C1_01220C	1043
C1_01240W	1160
C1_01250W	1903
C1_01260C	633
C1_01270W	1504
C1_01280C	575
C1_01290C	2592
C1_01300W	1038
C1_01310W	351
C1_01320W	1792
C1_01330C	701
C1_01340C	1035
C1_01350C	1424
C1_01360C	2630
C1_01370C	826
C1_01380C	1703
C1_01390C	2623
C1_01400C	1740
C1_01420C	1148
C1_01440C	1270
C1_01450W	1771
C1_01460W	3015
C1_01470W	1363
C1_01480C	981
C1_01490W	656
C1_01500W	456
C1_01510W	2232
C1_01520C	881
C1_01530C	2010
C1_01540W	2107
C1_01550W	1617
C1_01560W	4777
C1_01570C	919
C1_01580W	558
C1_01590C	3994
C1_01600W	901
C1_01610C	1537
C1_01620C	2160
C1_01630W	823
C1_01640W	52
C1_01650W	1501
C1_01670C	4941
C1_01680C	760
C1_01690C	1290
C1_01700W	3860
C1_01710W	2153
C1_01740W	2501
C1_01750W	2025
C1_01760W	2376
C1_01770W	1232
C1_01780C	2214
C1_01790W	117
C1_01800W	777
C1_01810C	1659
C1_01820C	1321
C1_01830C	1067
C1_01840C	949
C1_01850C	872
C1_01860W	941
C1_01870C	1583
C1_01880C	2781
C1_01890C	1706
C1_01900C	1830
C1_01910W	1511
C1_01920W	4022
C1_01930W	98
C1_01940C	833
C1_01950C	737
C1_01970W	276
C1_01980W	1635
C1_01990W	1216
C1_02000W	1447
C1_02010C	2517
C1_02020W	668
C1_02030C	446
C1_02040C	2669
C1_02050C	2944
C1_02060W	225
C1_02070W	1104
C1_02080W	1190
C1_02090C	1507
C1_02100W	1636
C1_02110C	1836
C1_02120C	1974
C1_02130C	1989
C1_02140C	342
C1_02150W	2081
C1_02160W	504
C1_02170C	1086
C1_02180W	1366
C1_02190W	1001
C1_02200C	957
C1_02210W	2278
C1_02220C	2048
C1_02230W	2563
C1_02240W	3581
C1_02250W	1303
C1_02260C	1505
C1_02270C	1182
C1_02280C	3248
C1_02290C	1304
C1_02300W	470
C1_02310C	526
C1_02320C	1895
C1_02330C	1113
C1_02350W	856
C1_02360C	2234
C1_02370C	3876
C1_02380C	1092
C1_02390W	2571
C1_02400C	1669
C1_02410C	1334
C1_02420C	5994
C1_02430C	2272
C1_02440C	1206
C1_02450C	798
C1_02460W	678
C1_02470W	642
C1_02480W	797
C1_02490C	2165
C1_02500W	688
C1_02510W	805
C1_02520W	1921
C1_02530C	2355
C1_02560W	297
C1_02570C	2148
C1_02580W	1732
C1_02590C	1149
C1_02600W	790
C1_02610W	4587
C1_02620C	1209
C1_02630C	1651
C1_02640C	827
C1_02650W	641
C1_02660C	1095
C1_02670C	2550
C1_02680C	2893
C1_02690C	513
C1_02700C	286
C1_02710W	1536
C1_02720W	1243
C1_02730W	1038
C1_02740C	1369
C1_02750C	2623
C1_02760W	1095
C1_02770W	308
C1_02780W	849
C1_02790W	1104
C1_02800W	980
C1_02810W	2614
C1_02820W	4263
C1_02830W	1889
C1_02840W	2045
C1_02850W	2200
C1_02860C	1082
C1_02870W	1027
C1_02880C	941
C1_02890C	580
C1_02900C	2461
C1_02910C	1709
C1_02920W	1153
C1_02930C	1479
C1_02940C	680
C1_02950W	457
C1_02960C	1945
C1_02970W	1309
C1_02980W	1105
C1_02990C	1899
C1_03000W	1948
C1_03010W	370
C1_03020C	738
C1_03030W	67
C1_03040W	868
C1_03050W	3332
C1_03060C	761
C1_03070C	2675
C1_03080C	842
C1_03090W	804
C1_03100W	79
C1_03110W	86
C1_03120W	1281
C1_03130C	2272
C1_03140W	570
C1_03150C	1010
C1_03160C	1145
C1_03170C	2084
C1_03180W	1018
C1_03190C	2604
C1_03200C	3468
C1_03210C	1649
C1_03220C	1249
C1_03230C	1894
C1_03240W	496
C1_03250C	1252
C1_03260W	2215
C1_03270W	244
C1_03280W	973
C1_03290W	2003
C1_03300C	1567
C1_03310W	1307
C1_03320C	1973
C1_03330C	2069
C1_03340C	1092
C1_03350C	2299
C1_03360W	4693
C1_03370W	2081
C1_03380W	2727
C1_03390W	1334
C1_03400W	2145
C1_03410W	1017
C1_03430W	1237
C1_03440C	1929
C1_03450C	3790
C1_03460C	3291
C1_03470C	1407
C1_03480C	3137
C1_03490W	995
C1_03500W	700
C1_03510C	715
C1_03520W	1443
C1_03530W	257
C1_03540C	604
C1_03550C	1706
C1_03560C	1372
C1_03580W	96
C1_03600W	893
C1_03610C	720
C1_03620C	787
C1_03630W	3598
C1_03640C	796
C1_03650C	621
C1_03660W	344
C1_03670C	1151
C1_03680W	3468
C1_03690W	1285
C1_03710C	4053
C1_03720C	2062
C1_03730C	2354
C1_03740W	3219
C1_03750W	633
C1_03760C	1921
C1_03770W	202
C1_03780C	3886
C1_03790C	1411
C1_03800W	1006
C1_03810C	1353
C1_03820W	1255
C1_03830C	1212
C1_03840W	319
C1_03860C	5305
C1_03870C	1839
C1_03880C	546
C1_03890W	1068
C1_03900W	565
C1_03910C	2446
C1_03920C	1702
C1_03930W	1558
C1_03940W	576
C1_03950C	1207
C1_03960C	3438
C1_03970W	315
C1_03980W	602
C1_03990W	995
C1_04000C	1516
C1_04010C	1195
C1_04020C	1184
C1_04030W	2244
C1_04040C	2260
C1_04050C	429
C1_04060W	2082
C1_04070C	1251
C1_04080W	845
C1_04090C	1498
C1_04100C	1071
C1_04110W	1388
C1_04120C	1123
C1_04130W	2590
C1_04140W	1076
C1_04150C	699
C1_04160C	1336
C1_04170C	553
C1_04180W	435
C1_04190C	1441
C1_04200C	1301
C1_04210C	1370
C1_04220C	692
C1_04230W	545
C1_04240C	469
C1_04250C	507
C1_04260W	434
C1_04270C	1579
C1_04280C	1549
C1_04290C	2264
C1_04300C	2082
C1_04310C	1200
C1_04320W	837
C1_04330W	1608
C1_04340C	1373
C1_04350C	3470
C1_04360C	506
C1_04370C	765
C1_04380W	1228
C1_04390C	2742
C1_04400C	2659
C1_04410C	654
C1_04420C	979
C1_04430C	930
C1_04440W	366
C1_04450C	1017
C1_04460C	914
C1_04470C	519
C1_04480C	4471
C1_04490W	1273
C1_04500W	1696
C1_04510W	1512
C1_04520C	1268
C1_04530C	1753
C1_04540C	2983
C1_04550W	356
C1_04560W	1873
C1_04570C	1597
C1_04580C	1052
C1_04590W	227
C1_04600C	1152
C1_04610W	115
C1_04620W	1826
C1_04630C	3709
C1_04640W	2045
C1_04650W	2175
C1_04660W	5439
C1_04670W	1285
C1_04680W	955
C1_04690C	1905
C1_04700C	2831
C1_04710C	959
C1_04720W	492
C1_04730C	1478
C1_04740W	1140
C1_04750W	1263
C1_04760C	3112
C1_04770C	1824
C1_04780C	2727
C1_04790W	705
C1_04800C	2109
C1_04810W	2180
C1_04820C	542
C1_04830W	2879
C1_04840C	536
C1_04850C	170
C1_04860W	2659
C1_04870W	2023
C1_04880C	560
C1_04890W	1239
C1_04900W	2464
C1_04910C	1202
C1_04930C	1255
C1_04940C	1343
C1_04950C	4788
C1_04960C	2081
C1_04970W	4143
C1_04980C	1597
C1_04990C	1452
C1_05000W	2216
C1_05010C	1249
C1_05020C	1880
C1_05030C	860
C1_05050C	2680
C1_05060W	1268
C1_05070C	2789
C1_05080W	2032
C1_05090W	1155
C1_05100W	871
C1_05110C	1364
C1_05120W	1353
C1_05130W	438
C1_05140W	1399
C1_05150C	1379
C1_05160C	1431
C1_05170C	1443
C1_05180C	487
C1_05190C	655
C1_05200C	1447
C1_05210C	1290
C1_05220C	715
C1_05230W	674
C1_05240C	1457
C1_05250W	612
C1_05260C	2187
C1_05270C	873
C1_05280W	1796
C1_05290W	2016
C1_05300C	2334
C1_05320C	1899
C1_05330C	1540
C1_05340C	2692
C1_05350W	1267
C1_05360C	1916
C1_05370C	2518
C1_05380C	5069
C1_05390C	2182
C1_05400C	727
C1_05410C	685
C1_05420W	595
C1_05430W	2492
C1_05440C	2300
C1_05450W	492
C1_05460W	4390
C1_05470W	1197
C1_05480C	1339
C1_05490C	878
C1_05500W	2306
C1_05510C	781
C1_05520W	2250
C1_05530C	2024
C1_05540C	1163
C1_05560W	166
C1_05600W	4918
C1_05610W	1473
C1_05620C	1339
C1_05630C	3538
C1_05640C	1432
C1_05650W	786
C1_05660C	4419
C1_05670W	1305
C1_05680C	578
C1_05690C	1025
C1_05700W	70
C1_05710C	2348
C1_05720W	59
C1_05740C	1512
C1_05750C	5186
C1_05760C	1004
C1_05770C	1752
C1_05780W	1982
C1_05790W	264
C1_05800C	858
C1_05810W	496
C1_05820C	1069
C1_05830W	918
C1_05840W	1116
C1_05850W	1237
C1_05860W	1104
C1_05870W	1026
C1_05880W	1074
C1_05890W	1124
C1_05900W	3207
C1_05910W	1771
C1_05920W	2248
C1_05930C	3748
C1_05940W	3171
C1_05950C	1551
C1_05960W	1583
C1_05970W	1770
C1_05980W	2159
C1_05990C	1231
C1_06000W	1706
C1_06010W	1047
C1_06020W	2348
C1_06030C	892
C1_06040W	2651
C1_06050C	514
C1_06060C	755
C1_06070W	580
C1_06080C	1184
C1_06090C	3007
C1_06100C	2256
C1_06110C	1879
C1_06120C	852
C1_06130C	273
C1_06140C	339
C1_06150W	723
C1_06160W	1353
C1_06180W	993
C1_06190C	603
C1_06200W	2336
C1_06210W	1047
C1_06220C	1501
C1_06230C	1869
C1_06250W	2305
C1_06260W	927
C1_06270W	2859
C1_06280C	4508
C1_06290C	309
C1_06320W	2394
C1_06330W	351
C1_06340W	3492
C1_06350W	3204
C1_06360W	1753
C1_06370C	525
C1_06380C	717
C1_06390W	828
C1_06400C	2485
C1_06410W	2876
C1_06420C	2286
C1_06430C	1365
C1_06440C	2728
C1_06450C	1034
C1_06460C	491
C1_06470W	156
C1_06480C	758
C1_06500W	780
C1_06510C	1474
C1_06520C	7200
C1_06530C	4331
C1_06540C	1558
C1_06550W	6739
C1_06560W	1356
C1_06570W	1282
C1_06580W	472
C1_06590C	1561
C1_06600W	1119
C1_06610C	2853
C1_06620C	1240
C1_06630W	2697
C1_06640C	370
C1_06650W	713
C1_06660W	1732
C1_06670W	2626
C1_06680W	3103
C1_06690W	1401
C1_06700W	2092
C1_06710W	1086
C1_06720C	1200
C1_06730W	708
C1_06740C	1306
C1_06750W	434
C1_06760C	1759
C1_06770W	1521
C1_06780W	2746
C1_06790C	749
C1_06800W	1201
C1_06810W	1531
C1_06820W	1148
C1_06840C	411
C1_06850W	2578
C1_06860W	1786
C1_06870C	480
C1_06880C	81
C1_06890C	399
C1_06900C	388
C1_06910C	2760
C1_06920C	1510
C1_06930W	3962
C1_06940C	3534
C1_06960W	927
C1_06970C	1806
C1_06980C	1524
C1_07000W	2447
C1_07010W	1006
C1_07020C	3045
C1_07030C	1377
C1_07040C	1104
C1_07050C	2211
C1_07060C	505
C1_07070C	2365
C1_07080W	685
C1_07090C	2478
C1_07100C	1410
C1_07110W	3861
C1_07120W	2021
C1_07130C	1989
C1_07140C	3304
C1_07150W	300
C1_07160C	350
C1_07170C	2328
C1_07180W	775
C1_07190W	2620
C1_07200W	936
C1_07210C	1852
C1_07220W	1666
C1_07230W	960
C1_07240W	687
C1_07250C	1841
C1_07260C	1980
C1_07270W	2569
C1_07280C	264
C1_07290W	492
C1_07330W	2304
C1_07340W	106
C1_07350C	576
C1_07360W	4133
C1_07370C	2651
C1_07380C	3280
C1_07390W	1738
C1_07400C	1590
C1_07410C	626
C1_07420C	1571
C1_07430W	969
C1_07440W	3401
C1_07460C	1149
C1_07470C	2069
C1_07480C	1981
C1_07490C	2042
C1_07500C	1089
C1_07510W	885
C1_07520C	2859
C1_07530W	146
C1_07540C	2924
C1_07550W	1155
C1_07560W	999
C1_07570C	1233
C1_07580C	1506
C1_07590C	3211
C1_07600W	585
C1_07610C	1099
C1_07620C	1580
C1_07630W	598
C1_07640C	2859
C1_07650W	2008
C1_07660W	2316
C1_07670W	689
C1_07680W	1236
C1_07690C	3263
C1_07700C	1676
C1_07710C	1736
C1_07770W	1525
C1_07780W	2940
C1_07790C	968
C1_07800W	2134
C1_07810C	2350
C1_07820W	1208
C1_07830C	864
C1_07840W	957
C1_07850C	1499
C1_07860W	1322
C1_07870C	2153
C1_07880C	2628
C1_07890C	2406
C1_07900W	634
C1_07910C	1578
C1_07920W	213
C1_07930C	1401
C1_07950C	925
C1_07960W	762
C1_07970C	3873
C1_07980C	1240
C1_07990C	1341
C1_08000W	2718
C1_08010W	773
C1_08020W	1904
C1_08030W	428
C1_08040W	454
C1_08050W	543
C1_08060W	446
C1_08070W	4516
C1_08080C	561
C1_08090C	3197
C1_08100W	1172
C1_08110W	3545
C1_08120W	2155
C1_08130C	2612
C1_08140W	1023
C1_08150C	636
C1_08160W	1117
C1_08170C	2529
C1_08180C	4240
C1_08190C	3935
C1_08200W	989
C1_08210C	4927
C1_08220W	2582
C1_08230C	2360
C1_08240C	1432
C1_08260C	487
C1_08270C	3610
C1_08290C	3006
C1_08300W	2040
C1_08310W	1898
C1_08320W	2087
C1_08330C	1094
C1_08340C	721
C1_08350C	378
C1_08360C	1661
C1_08370W	2232
C1_08380W	1413
C1_08390C	1747
C1_08400C	3112
C1_08410C	1078
C1_08420W	2771
C1_08430W	1052
C1_08440C	453
C1_08450C	624
C1_08460C	2184
C1_08470W	462
C1_08480C	570
C1_08490W	1431
C1_08500C	1407
C1_08510W	671
C1_08520C	521
C1_08530W	540
C1_08540C	2244
C1_08550C	907
C1_08560W	1727
C1_08570C	1021
C1_08580C	1377
C1_08590C	1583
C1_08600C	2249
C1_08610C	744
C1_08620W	591
C1_08630W	1368
C1_08640W	983
C1_08650C	803
C1_08660C	868
C1_08670W	2369
C1_08680C	730
C1_08690W	500
C1_08700W	4366
C1_08710W	223
C1_08730W	1414
C1_08740C	2953
C1_08750W	951
C1_08760W	1491
C1_08770W	1135
C1_08780W	1721
C1_08790W	1804
C1_08800W	1819
C1_08810C	2232
C1_08820C	850
C1_08830C	250
C1_08840W	1244
C1_08850C	2238
C1_08860C	2253
C1_08870C	1758
C1_08880W	1668
C1_08890C	445
C1_08900W	1717
C1_08910C	2188
C1_08920W	947
C1_08930C	401
C1_08940C	2531
C1_08950W	3441
C1_08980C	1644
C1_08990C	2891
C1_09000W	1653
C1_09010W	1886
C1_09020W	866
C1_09030C	716
C1_09040C	1667
C1_09050W	2228
C1_09060C	1024
C1_09070W	3599
C1_09080C	1525
C1_09090C	3366
C1_09100W	843
C1_09110W	1806
C1_09120W	1854
C1_09130W	2415
C1_09140C	1885
C1_09150W	1134
C1_09160W	1529
C1_09170W	2809
C1_09180W	3261
C1_09190C	1902
C1_09200W	2323
C1_09210C	2059
C1_09220W	1534
C1_09230C	1050
C1_09240C	1527
C1_09250W	3619
C1_09260C	1227
C1_09270W	2170
C1_09280W	2285
C1_09290C	2571
C1_09300C	946
C1_09310C	3340
C1_09320C	1802
C1_09330W	651
C1_09340C	3761
C1_09350W	576
C1_09360C	3214
C1_09370W	1861
C1_09380W	2462
C1_09390W	1425
C1_09400C	1534
C1_09410W	375
C1_09420W	1398
C1_09430W	2716
C1_09440W	1035
C1_09450C	5187
C1_09460W	1353
C1_09470C	1091
C1_09480W	448
C1_09490C	1644
C1_09500W	722
C1_09510W	1445
C1_09520C	1408
C1_09530W	1013
C1_09540W	1901
C1_09550W	354
C1_09570W	1652
C1_09580C	1563
C1_09590C	1395
C1_09600C	1486
C1_09610W	1248
C1_09620C	527
C1_09630W	82
C1_09640W	1334
C1_09650W	463
C1_09660W	2318
C1_09670C	366
C1_09680W	1580
C1_09690W	1700
C1_09700W	702
C1_09710C	1601
C1_09720W	1438
C1_09730W	1011
C1_09740C	238
C1_09750W	940
C1_09760C	1155
C1_09770W	361
C1_09780C	2288
C1_09790C	1267
C1_09800C	572
C1_09810W	1267
C1_09820C	450
C1_09830W	4326
C1_09840C	1043
C1_09850C	1980
C1_09860C	1379
C1_09870W	1968
C1_09880C	781
C1_09900W	1413
C1_09910C	960
C1_09920W	2925
C1_09930W	1166
C1_09940W	342
C1_09950C	594
C1_09960W	113
C1_09970C	2674
C1_09980C	1177
C1_09990W	1903
C1_10000C	2202
C1_10010C	3652
C1_10020W	2091
C1_10030W	1698
C1_10040W	1954
C1_10050W	849
C1_10060C	633
C1_10070C	1882
C1_10080W	514
C1_10090C	2888
C1_10100C	465
C1_10110W	2166
C1_10120C	1073
C1_10140C	2229
C1_10150W	2355
C1_10160W	953
C1_10170W	848
C1_10180C	2507
C1_10190W	883
C1_10200C	1997
C1_10210C	3081
C1_10220C	1364
C1_10230C	4571
C1_10240C	810
C1_10250C	941
C1_10260C	854
C1_10270C	1060
C1_10280C	715
C1_10290W	2870
C1_10300W	2591
C1_10310W	1523
C1_10320W	1441
C1_10330C	1361
C1_10340W	1703
C1_10350C	2403
C1_10360C	1944
C1_10370W	333
C1_10380C	2333
C1_10390C	508
C1_10400C	750
C1_10410W	1049
C1_10420C	2054
C1_10430W	1590
C1_10440W	2573
C1_10450W	1232
C1_10460W	1362
C1_10470W	1056
C1_10480W	1783
C1_10490W	1906
C1_10500W	596
C1_10510W	598
C1_10520W	1912
C1_10530W	715
C1_10540C	1697
C1_10550C	2946
C1_10560C	2792
C1_10570C	2636
C1_10580C	694
C1_10600C	420
C1_10610W	1845
C1_10620W	1563
C1_10630C	2895
C1_10640C	1967
C1_10650W	1519
C1_10660W	757
C1_10670C	5121
C1_10680C	3775
C1_10690W	1016
C1_10700C	949
C1_10710C	1640
C1_10720C	1976
C1_10730W	1911
C1_10740C	1288
C1_10750C	209
C1_10760W	1446
C1_10770W	753
C1_10780C	540
C1_10790W	2532
C1_10800C	1629
C1_10810W	606
C1_10820C	1488
C1_10830W	1011
C1_10840C	1643
C1_10850W	792
C1_10860C	1391
C1_10880W	1350
C1_10890C	834
C1_10910C	1518
C1_10920W	1620
C1_10930C	1380
C1_10940C	572
C1_10950C	1514
C1_10960W	111
C1_10970W	2016
C1_10980W	531
C1_10990C	1824
C1_11000C	637
C1_11010C	1235
C1_11020W	2747
C1_11040W	204
C1_11050W	432
C1_11060C	999
C1_11070W	2207
C1_11080W	1144
C1_11090C	1754
C1_11100W	618
C1_11110C	469
C1_11120C	1140
C1_11130W	785
C1_11140W	1553
C1_11150W	771
C1_11160C	334
C1_11170W	1361
C1_11190W	923
C1_11200W	7840
C1_11210C	2240
C1_11220C	1548
C1_11230W	611
C1_11240C	819
C1_11250W	988
C1_11260C	339
C1_11270W	679
C1_11280W	1367
C1_11290W	1323
C1_11300C	1749
C1_11310C	2338
C1_11320C	346
C1_11330C	363
C1_11340W	2255
C1_11350C	1539
C1_11360W	72
C1_11370C	2437
C1_11380W	801
C1_11390W	907
C1_11400C	4171
C1_11410C	470
C1_11420W	1125
C1_11430W	2160
C1_11440C	3807
C1_11450C	1155
C1_11470C	783
C1_11480W	1797
C1_11490C	2256
C1_11500C	1227
C1_11510C	1071
C1_11520C	645
C1_11530C	1236
C1_11540C	4057
C1_11550W	588
C1_11560C	1276
C1_11570W	189
C1_11580W	375
C1_11590W	5283
C1_11600W	727
C1_11610C	1577
C1_11620W	891
C1_11630C	1212
C1_11640C	914
C1_11650W	528
C1_11660W	1736
C1_11670W	914
C1_11680C	290
C1_11690W	1773
C1_11700C	1316
C1_11710C	1365
C1_11720W	1021
C1_11730W	3594
C1_11740W	1211
C1_11750W	2089
C1_11760C	846
C1_11770C	3108
C1_11790W	721
C1_11800C	498
C1_11810W	2487
C1_11850W	1483
C1_11860W	3859
C1_11870W	1727
C1_11880W	468
C1_11890W	1082
C1_11900C	1397
C1_11910W	1282
C1_11920W	1295
C1_11930W	3246
C1_11940C	1981
C1_11950W	1120
C1_11960C	460
C1_11970C	1639
C1_11980W	647
C1_11990W	588
C1_12000C	1624
C1_12010C	2982
C1_12020W	423
C1_12030W	1455
C1_12040W	429
C1_12050W	2965
C1_12060C	821
C1_12070C	2031
C1_12080W	1628
C1_12090C	1353
C1_12100C	2133
C1_12110C	592
C1_12120W	2382
C1_12130C	2480
C1_12140W	516
C1_12150C	628
C1_12160W	615
C1_12170C	1353
C1_12180C	1272
C1_12190W	2227
C1_12200W	2996
C1_12210W	1604
C1_12220W	1560
C1_12230W	3374
C1_12240C	1494
C1_12250C	1942
C1_12260W	1035
C1_12270W	390
C1_12280C	850
C1_12290C	2206
C1_12300W	345
C1_12310C	993
C1_12320C	390
C1_12330W	1233
C1_12340C	1175
C1_12350W	3048
C1_12360C	744
C1_12370W	1088
C1_12380C	1406
C1_12390C	516
C1_12400C	487
C1_12410C	2829
C1_12420C	396
C1_12430W	2949
C1_12440W	912
C1_12450C	8282
C1_12460C	291
C1_12470W	735
C1_12480W	236
C1_12490W	5091
C1_12510W	4179
C1_12520W	2429
C1_12530C	1499
C1_12540W	586
C1_12550C	2836
C1_12560C	771
C1_12570C	1423
C1_12580W	1515
C1_12590W	402
C1_12600C	1960
C1_12610W	703
C1_12620W	4533
C1_12630C	828
C1_12640W	449
C1_12650C	549
C1_12660W	2147
C1_12670C	2768
C1_12680W	1592
C1_12690C	735
C1_12700W	2292
C1_12710C	1740
C1_12720C	749
C1_12730W	1360
C1_12740W	2820
C1_12750C	1640
C1_12760W	1130
C1_12770W	2864
C1_12780W	1261
C1_12790C	1167
C1_12800W	538
C1_12810W	1202
C1_12820C	672
C1_12830C	3674
C1_12840W	416
C1_12850W	382
C1_12860C	2249
C1_12870C	703
C1_12880C	1897
C1_12890W	1308
C1_12900W	2169
C1_12910W	243
C1_12920C	930
C1_12930C	1666
C1_12940C	336
C1_12950W	4017
C1_12960C	5343
C1_12970C	2391
C1_13010W	3678
C1_13020C	731
C1_13030C	2385
C1_13050W	155
C1_13060C	2386
C1_13070C	1406
C1_13080W	1329
C1_13090W	393
C1_13100W	279
C1_13110C	3727
C1_13120C	5055
C1_13130C	1769
C1_13140C	1000
C1_13150W	366
C1_13160W	1438
C1_13170C	3716
C1_13180W	759
C1_13190W	561
C1_13200C	1436
C1_13210C	301
C1_13220C	2877
C1_13240W	1704
C1_13250W	1494
C1_13260W	158
C1_13270W	1042
C1_13280C	891
C1_13290W	138
C1_13300C	3046
C1_13310W	2842
C1_13320C	1936
C1_13330C	1161
C1_13350W	1752
C1_13360C	1425
C1_13370W	1402
C1_13380W	843
C1_13390W	2345
C1_13400C	2576
C1_13410W	76
C1_13420C	4695
C1_13430C	2173
C1_13440C	2067
C1_13450W	3180
C1_13460W	354
C1_13470W	2490
C1_13480W	2044
C1_13490C	2399
C1_13510C	1741
C1_13520C	1198
C1_13530W	1658
C1_13540W	1931
C1_13550C	1464
C1_13560W	1561
C1_13570W	3079
C1_13580W	2552
C1_13590W	1513
C1_13600W	894
C1_13610C	2682
C1_13620W	293
C1_13630W	1770
C1_13640W	1855
C1_13650C	1427
C1_13660W	2631
C1_13670W	2010
C1_13680C	604
C1_13690C	430
C1_13700W	65
C1_13710C	572
C1_13720W	1945
C1_13730C	1081
C1_13740W	2440
C1_13750C	686
C1_13760W	1680
C1_13770C	830
C1_13780W	4938
C1_13790C	580
C1_13800C	2192
C1_13810W	2165
C1_13820C	1316
C1_13830C	1336
C1_13840W	2452
C1_13850C	1620
C1_13860C	1560
C1_13870W	1657
C1_13880C	3593
C1_13900C	1874
C1_13910C	1709
C1_13920W	1117
C1_13930W	2321
C1_13940W	1277
C1_13950C	982
C1_13960W	2040
C1_13970C	1695
C1_13980C	2142
C1_13990W	657
C1_14000C	2437
C1_14010W	279
C1_14020W	663
C1_14030W	1063
C1_14040W	2459
C1_14050C	3369
C1_14060W	1691
C1_14080W	5633
C1_14100W	757
C1_14110C	1312
C1_14120C	960
C1_14130W	1366
C1_14140C	3808
C1_14150C	486
C1_14160W	1778
C1_14170W	1731
C1_14180W	1717
C1_14190C	433
C1_14200W	1023
C1_14210C	2663
C1_14220C	1394
C1_14230C	3328
C1_14240W	1726
C1_14250C	2853
C1_14260C	916
C1_14270W	1179
C1_14280C	1334
C1_14290C	2228
C1_14300C	3855
C1_14310W	1349
C1_14320C	698
C1_14330W	1309
C1_14340C	2155
C1_14350W	467
C1_14360C	1665
C1_14370W	321
C1_14380C	1942
C1_14390W	326
C1_14400C	1921
C1_14410W	231
C1_14420W	969
C1_14430C	777
C1_14440C	1405
C1_14450C	1407
C1_14460W	952
C1_14470W	779
C1_14480W	398
C1_14490C	753
C1_14500C	713
C1_14520W	2043
C1_14530W	318
C1_14550C	330
C1_14560C	975
C1_14570C	987
C1_14580C	604
C1_14590C	280
C1_14630C	885
C2_00010W	528
C2_00030W	1727
C2_00050C	531
C2_00060C	1199
C2_00070C	1768
C2_00080C	1480
C2_00090W	630
C2_00100C	1200
C2_00110W	705
C2_00120C	2198
C2_00130W	327
C2_00140W	2023
C2_00150W	1248
C2_00160C	664
C2_00170C	1384
C2_00180C	1009
C2_00190C	1490
C2_00200W	969
C2_00210W	264
C2_00220C	1284
C2_00230W	1508
C2_00240C	1159
C2_00250W	297
C2_00260C	1254
C2_00270C	771
C2_00280C	757
C2_00290W	688
C2_00300C	978
C2_00310W	444
C2_00320W	611
C2_00330C	2715
C2_00340C	1601
C2_00350W	3560
C2_00360C	2174
C2_00370W	3493
C2_00380C	1996
C2_00390C	1351
C2_00400C	1047
C2_00410C	4310
C2_00420W	94
C2_00430C	850
C2_00440W	1119
C2_00450C	2120
C2_00460W	1771
C2_00470W	3828
C2_00480C	606
C2_00490W	2007
C2_00500W	2715
C2_00510W	1110
C2_00520W	1430
C2_00530W	306
C2_00540W	1830
C2_00550W	1945
C2_00560W	474
C2_00570W	62
C2_00580C	1814
C2_00590W	1619
C2_00600C	906
C2_00610C	655
C2_00620C	1175
C2_00630C	1210
C2_00640W	3321
C2_00650W	3468
C2_00660C	1833
C2_00670C	318
C2_00680C	839
C2_00690W	1522
C2_00700W	2905
C2_00710W	1379
C2_00720C	1763
C2_00730C	3490
C2_00740C	1764
C2_00750W	1485
C2_00760C	570
C2_00770W	721
C2_00780W	1569
C2_00790C	1414
C2_00800C	1556
C2_00810C	1147
C2_00820W	1646
C2_00830C	2055
C2_00840W	1893
C2_00850W	1373
C2_00860C	1327
C2_00870W	515
C2_00880W	1143
C2_00890W	1095
C2_00900W	687
C2_00910W	687
C2_00920W	861
C2_00930C	914
C2_00940W	545
C2_00950C	1142
C2_00960C	787
C2_00970C	2387
C2_00980W	342
C2_00990W	310
C2_01000W	1668
C2_01010W	1680
C2_01020W	1687
C2_01030W	679
C2_01040W	193
C2_01050W	415
C2_01060C	513
C2_01070W	1206
C2_01090C	615
C2_01110C	1704
C2_01120W	2132
C2_01130W	132
C2_01140C	485
C2_01150W	1428
C2_01160W	1306
C2_01170C	3770
C2_01180W	183
C2_01190C	1249
C2_01200C	3701
C2_01210C	2010
C2_01220W	2931
C2_01230W	984
C2_01240C	2556
C2_01250W	579
C2_01260W	2115
C2_01270W	1140
C2_01300C	2513
C2_01310W	2253
C2_01320W	1290
C2_01330C	2614
C2_01340W	1851
C2_01350C	2412
C2_01360C	1634
C2_01370C	2203
C2_01380W	2155
C2_01390W	1737
C2_01400C	3017
C2_01410C	1863
C2_01420C	2059
C2_01430W	597
C2_01440C	601
C2_01450C	1045
C2_01460C	1104
C2_01470W	5042
C2_01480W	2906
C2_01490C	1580
C2_01500W	432
C2_01510C	869
C2_01520W	1115
C2_01530C	2198
C2_01540W	1253
C2_01550W	2434
C2_01560W	2179
C2_01570W	585
C2_01580W	776
C2_01590W	436
C2_01600C	2275
C2_01610C	460
C2_01620W	504
C2_01630W	1180
C2_01640W	3808
C2_01650W	1629
C2_01660C	633
C2_01670C	2383
C2_01680C	2569
C2_01690W	574
C2_01700C	3148
C2_01710W	385
C2_01720C	598
C2_01730W	837
C2_01740C	577
C2_01750C	983
C2_01760C	1182
C2_01780W	4873
C2_01800W	1366
C2_01820C	2796
C2_01830W	2318
C2_01840C	2066
C2_01850W	159
C2_01860C	1002
C2_01870C	1541
C2_01880C	1591
C2_01890W	4031
C2_01900C	1746
C2_01910W	817
C2_01920C	3171
C2_01930C	1343
C2_01940C	423
C2_01950C	2055
C2_01960C	331
C2_01970C	3148
C2_01980C	2185
C2_01990C	8011
C2_02000W	1263
C2_02010C	1532
C2_02020W	2441
C2_02030W	137
C2_02040W	3457
C2_02050C	3733
C2_02060C	2112
C2_02070W	1473
C2_02090W	1265
C2_02100W	5151
C2_02110C	946
C2_02120W	1138
C2_02130C	1023
C2_02140C	519
C2_02150C	2556
C2_02160W	1068
C2_02170W	1490
C2_02180W	2183
C2_02190C	1517
C2_02200W	2253
C2_02210C	1609
C2_02220C	1637
C2_02230C	3995
C2_02240C	2146
C2_02250C	1831
C2_02260W	834
C2_02270C	618
C2_02280W	931
C2_02290C	926
C2_02300W	735
C2_02310W	887
C2_02320C	881
C2_02330W	501
C2_02340C	1677
C2_02350C	3782
C2_02360C	1206
C2_02370C	1269
C2_02380W	1649
C2_02390W	772
C2_02400W	1801
C2_02410W	662
C2_02420C	1987
C2_02430W	2883
C2_02440W	3165
C2_02450C	3912
C2_02460W	2241
C2_02470C	848
C2_02490C	4215
C2_02500W	1900
C2_02510W	1090
C2_02520W	1990
C2_02530W	1326
C2_02540W	5211
C2_02550C	2109
C2_02560W	330
C2_02570W	594
C2_02580W	1703
C2_02590W	1202
C2_02600C	1045
C2_02610C	1730
C2_02620W	456
C2_02630W	1358
C2_02640C	2081
C2_02650C	776
C2_02660W	788
C2_02670C	491
C2_02680W	1153
C2_02690W	940
C2_02700C	967
C2_02710C	996
C2_02720W	3124
C2_02730W	1122
C2_02740C	800
C2_02750C	2053
C2_02760W	2917
C2_02770W	2151
C2_02780C	1030
C2_02790C	1632
C2_02800W	352
C2_02810C	843
C2_02820C	1230
C2_02830C	1302
C2_02840C	3740
C2_02850W	1772
C2_02860W	1114
C2_02870W	96
C2_02880C	1524
C2_02890W	2326
C2_02900W	516
C2_02910W	261
C2_02920W	648
C2_02930C	1718
C2_02940W	1683
C2_02950W	1473
C2_02960C	1520
C2_02970C	1615
C2_02980C	2095
C2_02990C	4041
C2_03000C	1350
C2_03010C	1539
C2_03020C	2350
C2_03030W	2940
C2_03040W	940
C2_03050W	1572
C2_03060W	1288
C2_03070C	1659
C2_03080W	1143
C2_03090C	892
C2_03100W	56
C2_03110W	978
C2_03120W	2236
C2_03130W	652
C2_03140C	2563
C2_03150C	2196
C2_03160C	2751
C2_03170W	916
C2_03180C	10273
C2_03200W	1447
C2_03210W	79
C2_03220C	1201
C2_03230C	1172
C2_03240C	4584
C2_03250W	1376
C2_03260W	763
C2_03270W	782
C2_03280W	2287
C2_03290W	962
C2_03300W	1285
C2_03310C	940
C2_03320W	7533
C2_03330C	1517
C2_03340W	2088
C2_03350W	1803
C2_03360W	2391
C2_03370W	1978
C2_03380W	4264
C2_03390C	2637
C2_03400C	2165
C2_03410W	3081
C2_03420C	2399
C2_03430W	960
C2_03440W	854
C2_03450W	1587
C2_03460C	1252
C2_03470C	876
C2_03480C	357
C2_03490C	1376
C2_03500W	3251
C2_03520C	1968
C2_03530W	1711
C2_03540W	2141
C2_03550C	3252
C2_03560C	1282
C2_03570C	962
C2_03590C	790
C2_03600W	2160
C2_03610W	1656
C2_03620W	1868
C2_03630W	747
C2_03640W	1477
C2_03670W	1089
C2_03680W	1904
C2_03690C	3027
C2_03700W	1189
C2_03710W	2544
C2_03720W	321
C2_03750W	1138
C2_03760C	3333
C2_03770C	2717
C2_03780C	2328
C2_03790C	572
C2_03800C	2152
C2_03810C	944
C2_03820C	1202
C2_03830W	1964
C2_03840C	718
C2_03870W	658
C2_03880C	656
C2_03890W	1153
C2_03900C	2643
C2_03910C	2718
C2_03920C	3190
C2_03930C	1783
C2_03940C	3125
C2_03950W	843
C2_03960W	38
C2_03970W	1014
C2_03980C	2185
C2_03990W	1179
C2_04000C	697
C2_04010C	824
C2_04020C	1249
C2_04030C	610
C2_04040C	5474
C2_04050C	6035
C2_04060C	3358
C2_04080W	2121
C2_04090W	1371
C2_04100W	1134
C2_04110W	55
C2_04120C	1543
C2_04130W	2192
C2_04140W	1745
C2_04150C	661
C2_04160W	896
C2_04170C	524
C2_04180C	1248
C2_04190C	1659
C2_04200W	2694
C2_04210W	2001
C2_04220C	1322
C2_04230W	1238
C2_04240C	1442
C2_04250W	2074
C2_04260W	1892
C2_04270W	1215
C2_04280W	1190
C2_04290W	1227
C2_04300C	1115
C2_04310W	1277
C2_04320W	1996
C2_04330C	1341
C2_04340C	1053
C2_04350C	2301
C2_04360W	3287
C2_04370W	1290
C2_04380C	1672
C2_04390W	1751
C2_04400W	1436
C2_04410W	2145
C2_04420W	2235
C2_04430W	535
C2_04440W	691
C2_04450W	1101
C2_04460W	1290
C2_04470W	1741
C2_04480W	1227
C2_04490W	706
C2_04500W	6050
C2_04510W	1341
C2_04520C	1021
C2_04530W	717
C2_04540C	1595
C2_04550C	1929
C2_04560W	1437
C2_04570W	1327
C2_04580W	1104
C2_04590C	543
C2_04600C	792
C2_04620W	3466
C2_04640C	3502
C2_04650C	1347
C2_04660C	2885
C2_04670W	435
C2_04680W	568
C2_04690C	3206
C2_04700C	1734
C2_04710C	1626
C2_04720C	2116
C2_04730W	1684
C2_04740C	1024
C2_04750W	1831
C2_04760W	2872
C2_04770W	1037
C2_04780W	2586
C2_04790C	1284
C2_04800C	1605
C2_04810W	741
C2_04820W	1457
C2_04830W	1999
C2_04850C	1656
C2_04860W	1249
C2_04870C	5011
C2_04880C	837
C2_04910W	303
C2_04930C	2491
C2_04940C	2008
C2_04950C	1254
C2_04960C	681
C2_04970W	2108
C2_04980C	1393
C2_04990W	945
C2_05000C	951
C2_05020W	668
C2_05030C	1051
C2_05040C	1066
C2_05050C	1512
C2_05060C	540
C2_05070W	2296
C2_05080C	1349
C2_05090W	2401
C2_05100C	1490
C2_05110W	1356
C2_05120C	342
C2_05130W	1116
C2_05140W	3425
C2_05150W	1343
C2_05160C	2055
C2_05170W	699
C2_05180W	221
C2_05190W	980
C2_05200C	1508
C2_05210W	412
C2_05220C	3198
C2_05230C	1061
C2_05250C	1543
C2_05260W	2737
C2_05270W	2988
C2_05280C	1211
C2_05290C	809
C2_05300C	1351
C2_05320W	2103
C2_05330C	2160
C2_05340C	1261
C2_05350C	1155
C2_05360C	1675
C2_05370C	2099
C2_05380W	1849
C2_05390C	786
C2_05400W	1537
C2_05410W	83
C2_05440W	3535
C2_05450C	704
C2_05460W	1563
C2_05470W	956
C2_05480C	449
C2_05490W	533
C2_05500W	732
C2_05510C	1476
C2_05520W	77
C2_05530C	1318
C2_05540C	1321
C2_05550W	493
C2_05560W	1087
C2_05570C	1377
C2_05580W	4329
C2_05590C	1236
C2_05610C	830
C2_05620W	289
C2_05640W	2162
C2_05650W	2971
C2_05660W	3226
C2_05670C	1048
C2_05680W	2782
C2_05690C	798
C2_05700W	1651
C2_05710C	1105
C2_05720C	1628
C2_05730C	1944
C2_05740W	1778
C2_05750W	1290
C2_05760C	574
C2_05770W	191
C2_05780C	2305
C2_05790C	2840
C2_05800C	1513
C2_05810W	1811
C2_05820W	1561
C2_05830C	1646
C2_05840W	1325
C2_05850C	2366
C2_05860C	1897
C2_05870W	135
C2_05890C	1345
C2_05900W	139
C2_05910W	2909
C2_05920C	582
C2_05930W	229
C2_05940C	2365
C2_05950C	1285
C2_05960C	1138
C2_05970C	1178
C2_05980C	1110
C2_05990C	1292
C2_06000W	1943
C2_06010W	5854
C2_06020W	2017
C2_06030W	1478
C2_06040C	1344
C2_06060C	330
C2_06070W	2259
C2_06080C	1270
C2_06090W	3158
C2_06100W	2321
C2_06110W	1285
C2_06120C	1075
C2_06130W	1028
C2_06140C	1629
C2_06150C	986
C2_06160W	358
C2_06170C	4639
C2_06180C	1146
C2_06190W	1801
C2_06200C	2073
C2_06210C	1414
C2_06220C	1034
C2_06230W	2689
C2_06240W	81
C2_06250C	2344
C2_06260W	566
C2_06270W	1194
C2_06280C	1223
C2_06290C	827
C2_06300W	530
C2_06310C	1149
C2_06320W	3603
C2_06330C	1844
C2_06340W	2160
C2_06350C	1440
C2_06360C	1080
C2_06370C	700
C2_06390C	2048
C2_06420C	3136
C2_06430C	1023
C2_06440C	921
C2_06450C	919
C2_06460W	1418
C2_06470W	1572
C2_06480W	1181
C2_06490W	1238
C2_06510W	180
C2_06520C	986
C2_06530W	1004
C2_06540C	3866
C2_06550W	1589
C2_06570C	303
C2_06590C	1818
C2_06600W	3261
C2_06610C	667
C2_06620W	1309
C2_06630C	380
C2_06640C	3401
C2_06650C	1841
C2_06660W	914
C2_06670C	2695
C2_06680W	1041
C2_06690C	857
C2_06700W	2067
C2_06710W	1246
C2_06720W	1389
C2_06730W	1056
C2_06740W	2738
C2_06750C	918
C2_06760C	1483
C2_06770W	1285
C2_06780C	1804
C2_06790W	467
C2_06800C	1294
C2_06810C	1061
C2_06820C	1010
C2_06830C	3861
C2_06840W	1575
C2_06860W	5111
C2_06870C	1045
C2_06880C	1564
C2_06890C	1080
C2_06910W	758
C2_06920C	979
C2_06930C	1868
C2_06940C	2184
C2_06950C	831
C2_06960W	941
C2_06970W	1120
C2_06980W	1536
C2_06990W	1823
C2_07000W	762
C2_07010W	84
C2_07020C	1182
C2_07030C	928
C2_07040W	1086
C2_07060W	985
C2_07070W	1392
C2_07080C	617
C2_07090C	1711
C2_07100W	1485
C2_07110C	2704
C2_07120W	861
C2_07130C	2106
C2_07140W	806
C2_07160W	1896
C2_07170C	3068
C2_07180W	783
C2_07190C	784
C2_07200W	425
C2_07210C	1668
C2_07220W	836
C2_07230C	2932
C2_07240C	1961
C2_07250C	1034
C2_07260C	569
C2_07270W	1278
C2_07280W	1932
C2_07290W	984
C2_07300C	508
C2_07310W	1692
C2_07320W	1362
C2_07330W	7494
C2_07340W	1721
C2_07350W	2709
C2_07360W	1497
C2_07370W	1211
C2_07380W	2012
C2_07390C	2967
C2_07400C	1491
C2_07410W	1552
C2_07420W	746
C2_07430C	1207
C2_07440C	2175
C2_07450C	1355
C2_07460W	1136
C2_07470W	3579
C2_07480W	1894
C2_07490W	1341
C2_07500C	1110
C2_07510W	1064
C2_07520C	1356
C2_07530C	1535
C2_07540W	376
C2_07550W	689
C2_07560W	5009
C2_07570W	1261
C2_07580W	1681
C2_07590W	393
C2_07600C	2240
C2_07610C	2348
C2_07620W	1785
C2_07630C	517
C2_07640W	1993
C2_07650C	1565
C2_07660W	3987
C2_07670C	1742
C2_07680W	886
C2_07690W	1597
C2_07700C	517
C2_07710W	840
C2_07720C	2248
C2_07730W	2025
C2_07740W	4424
C2_07750W	894
C2_07760W	1485
C2_07770C	475
C2_07780W	315
C2_07790C	814
C2_07800W	383
C2_07810W	1363
C2_07820C	1230
C2_07830W	2496
C2_07840W	1500
C2_07860W	1400
C2_07870C	540
C2_07880W	1466
C2_07890W	1492
C2_07900W	3411
C2_07910C	515
C2_07920W	1083
C2_07930C	2093
C2_07940C	1632
C2_07950W	1091
C2_07960C	1260
C2_07980W	921
C2_08000C	1955
C2_08010W	6758
C2_08020C	1367
C2_08030W	528
C2_08040C	899
C2_08050C	2009
C2_08060W	357
C2_08070C	1660
C2_08080C	1058
C2_08090W	534
C2_08100W	1177
C2_08110W	1592
C2_08120W	97
C2_08130W	1027
C2_08140C	3356
C2_08150W	693
C2_08160C	869
C2_08170W	2305
C2_08180C	1755
C2_08190W	1404
C2_08200W	894
C2_08210C	564
C2_08240W	3624
C2_08260W	367
C2_08270C	2077
C2_08280W	1178
C2_08290C	774
C2_08300C	533
C2_08310W	984
C2_08320C	703
C2_08330W	1147
C2_08340C	1511
C2_08350C	561
C2_08360C	2763
C2_08370C	1559
C2_08380C	2593
C2_08390W	1237
C2_08400C	280
C2_08420W	1202
C2_08430C	1091
C2_08440W	315
C2_08450W	4868
C2_08460C	831
C2_08470C	2232
C2_08480W	1330
C2_08490W	2652
C2_08500W	2550
C2_08510W	809
C2_08520C	380
C2_08530C	2655
C2_08540C	1245
C2_08550C	3663
C2_08560W	3640
C2_08570W	1737
C2_08580W	1230
C2_08590W	1696
C2_08600W	1196
C2_08610W	1604
C2_08620W	1479
C2_08630C	1764
C2_08640C	824
C2_08650W	540
C2_08660C	2336
C2_08670C	1571
C2_08680W	3300
C2_08690C	1407
C2_08700C	983
C2_08710W	795
C2_08720W	1212
C2_08730W	2418
C2_08740W	1696
C2_08750W	855
C2_08760C	3722
C2_08770C	535
C2_08780W	1236
C2_08790W	2012
C2_08800C	1846
C2_08810C	1008
C2_08820C	1440
C2_08830W	1029
C2_08840W	435
C2_08850C	1292
C2_08860W	2382
C2_08870C	1606
C2_08880W	339
C2_08890W	1137
C2_08900W	210
C2_08910C	1837
C2_08920W	1930
C2_08930W	873
C2_08940C	875
C2_08950W	586
C2_08960C	1377
C2_08970C	1120
C2_08980C	6122
C2_08990C	4678
C2_09000C	900
C2_09010W	1891
C2_09020W	2374
C2_09030W	184
C2_09040W	622
C2_09050C	1812
C2_09060C	1955
C2_09070C	2577
C2_09080C	626
C2_09100C	2609
C2_09110C	754
C2_09120C	831
C2_09130C	3582
C2_09140C	3528
C2_09150W	1905
C2_09160W	1077
C2_09170W	818
C2_09180W	1491
C2_09210W	498
C2_09220W	662
C2_09230C	1314
C2_09240C	639
C2_09250W	702
C2_09260C	913
C2_09270C	1377
C2_09280C	1922
C2_09290W	78
C2_09300W	1079
C2_09310C	589
C2_09320C	1850
C2_09330C	533
C2_09340W	562
C2_09350W	1266
C2_09360W	2624
C2_09370C	2229
C2_09380W	818
C2_09390W	938
C2_09400C	1522
C2_09410W	354
C2_09420W	2660
C2_09430W	1199
C2_09460C	3659
C2_09470C	3001
C2_09480W	833
C2_09490W	1478
C2_09500W	1441
C2_09510C	1984
C2_09520C	1754
C2_09530W	1959
C2_09560C	2500
C2_09570C	1636
C2_09580W	1496
C2_09590C	1366
C2_09600C	782
C2_09610W	1431
C2_09620W	2554
C2_09630C	696
C2_09640W	1371
C2_09650W	755
C2_09660W	707
C2_09670C	993
C2_09680W	545
C2_09690C	2199
C2_09700W	1356
C2_09710C	1482
C2_09720W	2250
C2_09730C	1234
C2_09740W	1020
C2_09750W	1790
C2_09760W	772
C2_09770C	2971
C2_09780C	850
C2_09790W	1515
C2_09800C	1166
C2_09810C	1544
C2_09820W	2037
C2_09830C	403
C2_09840W	1003
C2_09850C	1371
C2_09860C	1903
C2_09870W	1125
C2_09880C	1790
C2_09890W	1370
C2_09900C	1029
C2_09910C	456
C2_09920W	518
C2_09930W	1998
C2_09940W	1533
C2_09950W	1747
C2_09960W	1054
C2_09970C	1771
C2_09980W	1072
C2_09990C	4831
C2_10000C	1629
C2_10010C	1011
C2_10020C	1236
C2_10030C	1451
C2_10040W	312
C2_10050W	4526
C2_10060C	1197
C2_10070W	1213
C2_10080W	1421
C2_10090C	3079
C2_10100W	2054
C2_10110W	383
C2_10120W	873
C2_10130W	3588
C2_10140W	2360
C2_10150W	1203
C2_10160W	1635
C2_10170C	1641
C2_10180W	1234
C2_10190C	1005
C2_10200W	585
C2_10210C	1408
C2_10220C	1443
C2_10230W	2288
C2_10240W	1751
C2_10250C	2846
C2_10260C	1649
C2_10270W	2293
C2_10280C	2662
C2_10290W	106
C2_10300C	2496
C2_10310C	2179
C2_10320C	1456
C2_10330C	1796
C2_10340W	886
C2_10350C	2851
C2_10360C	1641
C2_10420W	1536
C2_10430C	2694
C2_10440C	3131
C2_10450W	563
C2_10460C	2004
C2_10470C	1006
C2_10480W	1083
C2_10530C	1764
C2_10540W	952
C2_10550C	7253
C2_10560C	927
C2_10570W	4501
C2_10580W	646
C2_10590W	1173
C2_10600W	342
C2_10610W	1644
C2_10620W	811
C2_10630W	1778
C2_10640C	539
C2_10650W	393
C2_10660W	1653
C2_10670W	1042
C2_10680W	1368
C2_10690W	304
C2_10700C	888
C2_10710W	491
C2_10720C	1317
C2_10730W	972
C2_10740C	2748
C2_10750C	2309
C2_10760C	2170
C2_10770W	375
C2_10780C	1611
C2_10790C	693
C2_10810W	938
C2_10820C	3635
C2_10830W	424
C2_10840W	2496
C2_10850C	1611
C2_10860C	1174
C2_10870W	1236
C3_00010C	1050
C3_00020W	822
C3_00030C	3192
C3_00040W	1029
C3_00050C	309
C3_00060W	507
C3_00090W	424
C3_00100W	794
C3_00110C	2457
C3_00120W	624
C3_00130C	1575
C3_00140W	597
C3_00150W	534
C3_00160C	1431
C3_00170C	429
C3_00180C	1821
C3_00190W	378
C3_00200C	1222
C3_00210C	845
C3_00220W	1890
C3_00230C	495
C3_00240C	1370
C3_00250C	1326
C3_00260C	1492
C3_00270C	1584
C3_00280C	2694
C3_00290W	1360
C3_00300W	2347
C3_00310C	802
C3_00320W	808
C3_00330W	2149
C3_00340W	386
C3_00350W	760
C3_00360W	901
C3_00370C	967
C3_00380C	2083
C3_00390W	968
C3_00400C	2950
C3_00410C	602
C3_00420W	2571
C3_00430W	630
C3_00440W	763
C3_00450C	1214
C3_00460W	674
C3_00470W	1839
C3_00480C	1042
C3_00490W	1880
C3_00500C	1233
C3_00510W	1113
C3_00520W	631
C3_00530C	1640
C3_00540C	944
C3_00550C	2465
C3_00560C	1436
C3_00570C	2634
C3_00580W	4973
C3_00590W	564
C3_00600W	1559
C3_00610W	1184
C3_00620C	439
C3_00630W	4154
C3_00640W	1560
C3_00650W	1975
C3_00660W	3657
C3_00670C	497
C3_00680C	441
C3_00690C	1988
C3_00700W	4209
C3_00710W	3536
C3_00720W	2685
C3_00730W	2533
C3_00740W	459
C3_00750W	2642
C3_00760W	1460
C3_00770C	943
C3_00780W	1436
C3_00790W	2651
C3_00800W	4152
C3_00810C	2829
C3_00820W	2470
C3_00830C	2477
C3_00840C	548
C3_00850C	2683
C3_00860W	821
C3_00870W	324
C3_00880W	3085
C3_00890C	2148
C3_00900C	1001
C3_00910W	3541
C3_00920W	850
C3_00930W	848
C3_00940W	1766
C3_00950C	1329
C3_00960W	1162
C3_00980W	2827
C3_00990C	1467
C3_01000W	3658
C3_01010W	306
C3_01020W	1937
C3_01030W	1517
C3_01040C	1377
C3_01050C	525
C3_01060W	286
C3_01070C	3261
C3_01080W	373
C3_01090W	478
C3_01100W	745
C3_01110C	2229
C3_01120W	1296
C3_01130C	2748
C3_01140W	1107
C3_01150C	924
C3_01160W	2854
C3_01170W	1537
C3_01180C	3391
C3_01190C	1556
C3_01200W	7597
C3_01210C	971
C3_01220W	1514
C3_01230C	667
C3_01250W	3784
C3_01260C	2640
C3_01270W	465
C3_01280W	865
C3_01290W	414
C3_01300C	843
C3_01310W	2656
C3_01320C	1820
C3_01330W	2926
C3_01340W	1635
C3_01350C	966
C3_01360C	1898
C3_01370C	1289
C3_01390C	3504
C3_01400W	1289
C3_01410C	919
C3_01420C	469
C3_01430W	692
C3_01440C	465
C3_01450C	3249
C3_01460C	1308
C3_01470W	12
C3_01480C	955
C3_01490W	611
C3_01500C	2140
C3_01510W	2404
C3_01520C	1187
C3_01530C	8547
C3_01540W	673
C3_01550C	1708
C3_01560W	2378
C3_01570W	1744
C3_01580W	1492
C3_01590W	1680
C3_01600W	1206
C3_01610W	1234
C3_01620W	823
C3_01640C	1226
C3_01660W	348
C3_01670W	795
C3_01680C	1210
C3_01690W	1293
C3_01700W	2498
C3_01710C	1784
C3_01720C	3792
C3_01730C	1492
C3_01740C	384
C3_01750C	3000
C3_01760W	2453
C3_01770C	2038
C3_01780C	399
C3_01790C	3829
C3_01800C	1753
C3_01810C	1536
C3_01820W	2923
C3_01830C	1549
C3_01850W	1097
C3_01860C	1854
C3_01880W	1825
C3_01890C	1414
C3_01900C	1885
C3_01910C	545
C3_01930W	2223
C3_01940C	711
C3_01950C	668
C3_01960C	2265
C3_01970C	956
C3_01980C	262
C3_01990W	1295
C3_02000W	3996
C3_02010C	809
C3_02020W	2563
C3_02030W	1165
C3_02040C	681
C3_02060W	1479
C3_02070C	1214
C3_02080W	2636
C3_02090C	948
C3_02100W	1594
C3_02110W	529
C3_02120W	256
C3_02130W	2299
C3_02140C	1287
C3_02150C	1207
C3_02160C	2422
C3_02170C	1652
C3_02180C	1197
C3_02190C	632
C3_02200W	219
C3_02210C	2429
C3_02220W	1761
C3_02230C	4016
C3_02240C	1634
C3_02250C	606
C3_02260C	1852
C3_02270W	461
C3_02280C	2228
C3_02290W	1257
C3_02300W	4055
C3_02310W	1784
C3_02320W	2108
C3_02330C	1145
C3_02340W	1447
C3_02350W	2001
C3_02360C	1914
C3_02370C	2911
C3_02390W	1824
C3_02400C	327
C3_02410C	1306
C3_02420C	2790
C3_02430W	2420
C3_02440C	1023
C3_02450W	230
C3_02460C	1136
C3_02470C	841
C3_02480C	1185
C3_02490C	4132
C3_02500W	597
C3_02510C	1572
C3_02530W	287
C3_02540C	1601
C3_02550C	828
C3_02560W	1502
C3_02570W	2257
C3_02580C	732
C3_02590W	3387
C3_02600C	879
C3_02610C	795
C3_02620C	830
C3_02630C	1431
C3_02640C	2727
C3_02650W	482
C3_02660W	756
C3_02670W	753
C3_02680C	1752
C3_02690C	1841
C3_02700W	3788
C3_02720W	1725
C3_02750W	1643
C3_02760C	4006
C3_02770C	1415
C3_02780W	1447
C3_02790W	420
C3_02800W	774
C3_02810C	2269
C3_02820C	1151
C3_02830W	3224
C3_02840W	621
C3_02850C	1410
C3_02860W	1735
C3_02870C	1462
C3_02880W	408
C3_02890C	509
C3_02900W	1150
C3_02910W	654
C3_02920W	432
C3_02930W	563
C3_02940C	613
C3_02950C	2220
C3_02960C	4444
C3_02970C	952
C3_02980C	930
C3_02990C	1151
C3_03000W	408
C3_03010C	462
C3_03020W	501
C3_03030C	1410
C3_03040W	1629
C3_03050C	2641
C3_03060W	614
C3_03070W	1682
C3_03080W	1268
C3_03090W	2183
C3_03100C	1523
C3_03110W	1576
C3_03120C	1575
C3_03130C	1518
C3_03140C	1710
C3_03150W	3048
C3_03160C	612
C3_03170W	986
C3_03180C	1049
C3_03190C	1549
C3_03200C	460
C3_03210W	1362
C3_03230C	1741
C3_03240C	432
C3_03250W	4593
C3_03260W	2825
C3_03270W	526
C3_03280C	687
C3_03290C	2233
C3_03300C	1600
C3_03310C	731
C3_03320W	318
C3_03330C	2170
C3_03340C	393
C3_03360W	1656
C3_03370C	887
C3_03380W	2650
C3_03390C	667
C3_03400C	557
C3_03410C	3256
C3_03420C	1832
C3_03430C	1138
C3_03440C	1972
C3_03450C	2033
C3_03460C	1528
C3_03470W	1565
C3_03480C	1699
C3_03490W	1121
C3_03500W	2709
C3_03510C	2281
C3_03520C	824
C3_03530W	556
C3_03540W	1872
C3_03550C	1097
C3_03560W	1583
C3_03570C	1436
C3_03580C	841
C3_03590W	897
C3_03600C	786
C3_03610W	1902
C3_03620C	306
C3_03630W	1518
C3_03640W	1711
C3_03650W	1423
C3_03660W	1972
C3_03670W	2232
C3_03680W	2323
C3_03690W	1603
C3_03700C	324
C3_03710W	1129
C3_03720W	119
C3_03730C	917
C3_03740W	390
C3_03750C	2149
C3_03760W	2157
C3_03770C	864
C3_03780W	438
C3_03790W	1186
C3_03800W	1785
C3_03810W	2097
C3_03820C	1254
C3_03830W	1096
C3_03840C	1473
C3_03850C	794
C3_03860W	567
C3_03870C	1957
C3_03880C	1231
C3_03890W	4391
C3_03900C	643
C3_03910W	445
C3_03920W	237
C3_03930W	1084
C3_03940C	126
C3_03970W	87
C3_03980C	1756
C3_03990C	1981
C3_04000C	2797
C3_04020C	3333
C3_04030C	2732
C3_04040W	168
C3_04060C	1208
C3_04070C	4650
C3_04080W	300
C3_04090W	1089
C3_04100W	724
C3_04110C	2612
C3_04120C	1025
C3_04130W	1158
C3_04140C	597
C3_04160W	2216
C3_04170W	569
C3_04180W	934
C3_04190W	536
C3_04200W	1428
C3_04210W	801
C3_04220C	1906
C3_04230W	2632
C3_04240C	321
C3_04250W	1570
C3_04260W	249
C3_04270C	1087
C3_04290C	2282
C3_04300C	4525
C3_04310C	959
C3_04320W	905
C3_04330C	527
C3_04340W	1562
C3_04350C	1095
C3_04360W	2326
C3_04370C	3408
C3_04380C	504
C3_04390W	64
C3_04400C	2622
C3_04410C	3383
C3_04420W	2917
C3_04430W	83
C3_04440C	1508
C3_04450C	837
C3_04460W	3028
C3_04470W	3414
C3_04480C	1094
C3_04490W	2017
C3_04500C	1046
C3_04510W	405
C3_04520C	1967
C3_04530C	2399
C3_04540C	2682
C3_04550C	1382
C3_04560W	3246
C3_04570C	2141
C3_04580C	1452
C3_04590W	319
C3_04600C	389
C3_04610W	2019
C3_04620C	585
C3_04630W	1324
C3_04640W	3573
C3_04650W	1278
C3_04660C	1068
C3_04670C	588
C3_04680W	401
C3_04690C	1138
C3_04700W	1333
C3_04710W	977
C3_04720C	2595
C3_04730C	1425
C3_04740C	2000
C3_04750W	1879
C3_04760C	6185
C3_04770C	2494
C3_04780C	1540
C3_04790W	1550
C3_04800C	1810
C3_04810C	918
C3_04820C	5539
C3_04830C	5740
C3_04840C	2054
C3_04860W	2315
C3_04870W	928
C3_04880W	915
C3_04890W	4880
C3_04900W	2609
C3_04910C	1206
C3_04920C	975
C3_04930C	2428
C3_04940W	1090
C3_04950W	907
C3_04970C	3274
C3_04980W	339
C3_04990W	1230
C3_05000W	770
C3_05010C	2770
C3_05020W	1935
C3_05030W	986
C3_05040C	3059
C3_05050W	994
C3_05060W	1367
C3_05070W	1369
C3_05080W	1788
C3_05090C	1771
C3_05100C	612
C3_05110W	1047
C3_05120C	617
C3_05130C	1184
C3_05140C	1514
C3_05150W	1592
C3_05160C	2819
C3_05170W	1542
C3_05180W	717
C3_05190C	1785
C3_05200W	52
C3_05210C	12713
C3_05220W	4551
C3_05230W	1194
C3_05240C	1085
C3_05250C	1942
C3_05270C	2287
C3_05280C	1157
C3_05290C	3070
C3_05300C	1978
C3_05310W	4542
C3_05320W	3459
C3_05330C	1142
C3_05340W	1400
C3_05350C	1754
C3_05360C	3890
C3_05370C	855
C3_05380W	2043
C3_05390C	2017
C3_05400C	327
C3_05410W	2450
C3_05420W	3108
C3_05430W	1878
C3_05440C	1423
C3_05450C	1408
C3_05460W	2510
C3_05470W	2798
C3_05510W	2299
C3_05520C	2785
C3_05530W	1458
C3_05540C	321
C3_05550C	915
C3_05560W	681
C3_05570W	1621
C3_05580C	2005
C3_05590C	1195
C3_05600W	2149
C3_05610W	2095
C3_05620W	1161
C3_05630W	989
C3_05640W	1326
C3_05650W	1609
C3_05660C	1185
C3_05670C	318
C3_05680W	729
C3_05700W	3584
C3_05710W	654
C3_05720C	3151
C3_05730C	1372
C3_05740C	1823
C3_05750C	724
C3_05760W	1269
C3_05770C	1617
C3_05780C	2416
C3_05790C	1216
C3_05800W	1451
C3_05810C	2273
C3_05830W	2220
C3_05840W	1621
C3_05850W	1817
C3_05860C	1085
C3_05870C	2542
C3_05880C	1810
C3_05890W	1458
C3_05900W	1144
C3_05910W	3493
C3_05920W	3493
C3_05930W	3288
C3_05940C	726
C3_05950W	2352
C3_05960W	2794
C3_05970C	1784
C3_05980C	2701
C3_05990C	2514
C3_06000W	2510
C3_06010W	243
C3_06020W	1307
C3_06030W	1959
C3_06040W	1691
C3_06050C	1059
C3_06060W	1711
C3_06070C	1758
C3_06080W	4939
C3_06090C	1232
C3_06100C	2890
C3_06110C	2067
C3_06120C	1887
C3_06130W	397
C3_06140W	1375
C3_06150W	3400
C3_06160C	816
C3_06170C	789
C3_06180C	654
C3_06190C	4751
C3_06200C	1094
C3_06210C	2284
C3_06220C	1509
C3_06230W	3189
C3_06240C	299
C3_06250W	690
C3_06260C	2058
C3_06270C	1092
C3_06280W	1116
C3_06290W	2459
C3_06300W	4274
C3_06310C	3354
C3_06320W	4704
C3_06330W	640
C3_06340W	540
C3_06350W	792
C3_06360C	605
C3_06370C	1378
C3_06380W	827
C3_06390W	495
C3_06400C	1290
C3_06410C	1120
C3_06420C	1354
C3_06430W	142
C3_06440W	3349
C3_06450W	1308
C3_06470W	2169
C3_06480C	462
C3_06490W	967
C3_06500W	3130
C3_06510C	4094
C3_06520C	1449
C3_06530W	995
C3_06540C	804
C3_06550C	1032
C3_06560W	1594
C3_06570C	1283
C3_06580W	1672
C3_06590W	1350
C3_06600C	1778
C3_06610W	1241
C3_06620W	4121
C3_06630W	2283
C3_06640W	1042
C3_06650C	1641
C3_06660C	1077
C3_06670C	1123
C3_06680C	1049
C3_06690C	563
C3_06700C	1943
C3_06710W	3486
C3_06720W	2652
C3_06730W	1111
C3_06740W	2010
C3_06750W	259
C3_06760W	890
C3_06770W	1218
C3_06780C	1212
C3_06790W	1488
C3_06800C	1189
C3_06810W	2482
C3_06820C	1592
C3_06830C	4177
C3_06850W	2302
C3_06860C	913
C3_06870W	1058
C3_06880W	1079
C3_06890W	2359
C3_06900W	723
C3_06910C	1992
C3_06920W	1039
C3_06940W	2057
C3_06950W	3192
C3_06970W	1869
C3_06980W	1172
C3_06990W	1191
C3_07000W	1795
C3_07010W	1607
C3_07020W	3743
C3_07030C	2872
C3_07040C	760
C3_07050W	544
C3_07060W	913
C3_07070C	1445
C3_07080W	1547
C3_07090W	464
C3_07100C	3081
C3_07110W	4026
C3_07120W	780
C3_07130W	64
C3_07140C	2011
C3_07150C	533
C3_07160W	1895
C3_07170C	2400
C3_07180C	2052
C3_07200C	1567
C3_07210W	902
C3_07220C	1348
C3_07230W	4132
C3_07240W	696
C3_07250W	1530
C3_07260C	5635
C3_07270C	766
C3_07280C	1045
C3_07290W	2336
C3_07300W	1218
C3_07310C	3891
C3_07320W	4301
C3_07330W	921
C3_07340W	916
C3_07350W	961
C3_07360W	1872
C3_07370W	618
C3_07380W	377
C3_07390C	773
C3_07400W	901
C3_07410C	1832
C3_07420W	1024
C3_07430W	271
C3_07440W	780
C3_07450C	985
C3_07460W	2482
C3_07470W	1404
C3_07480W	1366
C3_07490W	1881
C3_07500W	159
C3_07540C	925
C3_07550C	2032
C3_07560W	2516
C3_07570C	981
C3_07580W	302
C3_07590W	572
C3_07600W	701
C3_07610W	3585
C3_07620C	1346
C3_07630C	1065
C3_07640C	1594
C3_07650C	2134
C3_07660W	2165
C3_07670W	836
C3_07690C	717
C3_07700W	810
C3_07710W	1532
C3_07720C	306
C3_07730W	1698
C3_07740W	2056
C3_07750W	1363
C3_07760C	924
C3_07770C	900
C3_07780C	2596
C3_07790W	1177
C3_07800C	621
C3_07810C	1514
C3_07820W	350
C3_07830W	1019
C3_07840C	690
C3_07850W	1308
C3_07860C	2130
C3_07870W	303
C3_07880C	468
C3_07890W	325
C3_07900C	1062
C3_07910W	921
C3_07920W	903
C3_07930C	315
C3_07940W	711
C3_07950C	1100
C3_07970C	507
C3_07980C	399
C4_00010W	675
C4_00020W	1074
C4_00030C	1059
C4_00040W	2431
C4_00050W	857
C4_00060W	637
C4_00070C	2408
C4_00080C	1272
C4_00090W	108
C4_00100C	1398
C4_00110C	1714
C4_00120W	1003
C4_00130W	742
C4_00140C	2551
C4_00150C	1878
C4_00160C	1434
C4_00170W	457
C4_00180W	1568
C4_00190W	969
C4_00200C	1375
C4_00210W	729
C4_00220C	1184
C4_00230W	624
C4_00240C	845
C4_00250W	537
C4_00260W	2372
C4_00270W	160
C4_00280W	15
C4_00290C	1673
C4_00300C	3082
C4_00310C	1246
C4_00320C	1054
C4_00330C	536
C4_00340W	1088
C4_00350W	1373
C4_00360C	2014
C4_00370W	1896
C4_00380W	1014
C4_00390W	478
C4_00400W	2418
C4_00410W	643
C4_00420C	2680
C4_00430W	1727
C4_00440C	2453
C4_00450C	919
C4_00460C	3568
C4_00470C	2174
C4_00480W	2253
C4_00490W	1587
C4_00500W	2970
C4_00510C	901
C4_00520W	524
C4_00530C	1190
C4_00540C	3223
C4_00560C	1446
C4_00570C	1603
C4_00580W	743
C4_00590C	2373
C4_00600C	2809
C4_00610W	162
C4_00620C	528
C4_00630C	767
C4_00640W	635
C4_00650W	1210
C4_00660W	776
C4_00670W	2436
C4_00680W	1429
C4_00690C	1587
C4_00700C	1106
C4_00710W	2041
C4_00720W	1295
C4_00730C	845
C4_00740W	552
C4_00750C	697
C4_00760W	2020
C4_00770C	1357
C4_00780C	3741
C4_00790C	2340
C4_00800W	1143
C4_00810C	1613
C4_00820W	1401
C4_00830W	1290
C4_00840W	2834
C4_00850C	2439
C4_00860C	905
C4_00880W	1662
C4_00890W	4711
C4_00910C	1756
C4_00920C	971
C4_00940W	1013
C4_00950C	2313
C4_00960W	1781
C4_00970C	15460
C4_00980C	1470
C4_00990W	1827
C4_01000C	1051
C4_01010C	1124
C4_01020C	4183
C4_01030W	315
C4_01050C	506
C4_01060W	5573
C4_01070W	1904
C4_01080W	2965
C4_01090C	1191
C4_01100C	1882
C4_01120C	1273
C4_01130C	782
C4_01140C	658
C4_01150W	1815
C4_01160W	300
C4_01170C	3095
C4_01180W	300
C4_01190W	2463
C4_01200C	1598
C4_01220C	2326
C4_01230C	792
C4_01240C	915
C4_01250W	738
C4_01260W	2100
C4_01270W	90
C4_01280C	1617
C4_01290W	2642
C4_01300W	1912
C4_01310W	1932
C4_01320C	2988
C4_01330W	327
C4_01340W	327
C4_01350W	309
C4_01360W	466
C4_01370W	939
C4_01380W	3813
C4_01390W	224
C4_01400W	435
C4_01410W	1896
C4_01420W	7510
C4_01430C	1478
C4_01440W	1418
C4_01450W	1885
C4_01460C	906
C4_01470W	1674
C4_01480C	419
C4_01490W	2671
C4_01500W	1586
C4_01510W	917
C4_01520C	906
C4_01530C	1094
C4_01550C	1406
C4_01560C	2978
C4_01650C	1680
C4_01660W	3490
C4_01670C	1316
C4_01680W	553
C4_01690C	1524
C4_01700C	388
C4_01710C	1207
C4_01720C	1460
C4_01730C	2262
C4_01740W	421
C4_01750C	1127
C4_01760W	800
C4_01770W	820
C4_01780C	1166
C4_01790W	3777
C4_01800W	751
C4_01820C	1031
C4_01830C	2080
C4_01840C	888
C4_01850C	1813
C4_01860C	1558
C4_01870C	1519
C4_01880W	1371
C4_01890C	900
C4_01900C	1101
C4_01910W	1725
C4_01920W	342
C4_01930C	889
C4_01940W	1920
C4_01950W	947
C4_01960C	1705
C4_01970W	1485
C4_01980C	814
C4_01990W	427
C4_02000C	4296
C4_02010C	2330
C4_02020W	2079
C4_02030W	4517
C4_02040W	1489
C4_02050W	1105
C4_02060C	2042
C4_02070W	2108
C4_02080W	1020
C4_02090C	891
C4_02100C	1344
C4_02110W	569
C4_02120W	1084
C4_02130W	800
C4_02140C	444
C4_02150C	3541
C4_02160C	206
C4_02170C	2063
C4_02180C	2582
C4_02190C	1647
C4_02200C	573
C4_02210W	792
C4_02220C	2474
C4_02230C	909
C4_02240C	579
C4_02250C	1275
C4_02260C	1209
C4_02270C	1766
C4_02280W	1080
C4_02290W	1200
C4_02300W	2321
C4_02310W	3754
C4_02320C	957
C4_02330C	831
C4_02340W	531
C4_02360W	3579
C4_02370C	707
C4_02380W	306
C4_02390W	694
C4_02400C	2908
C4_02410C	708
C4_02420C	1026
C4_02430W	4323
C4_02440C	2054
C4_02450W	1352
C4_02460W	766
C4_02470C	1109
C4_02480C	592
C4_02490W	3462
C4_02500C	5590
C4_02510W	1843
C4_02520C	1849
C4_02530W	3086
C4_02540W	3370
C4_02550C	2199
C4_02560C	1374
C4_02570C	1882
C4_02580W	336
C4_02590C	2442
C4_02600C	1830
C4_02610C	2750
C4_02620C	2365
C4_02630C	902
C4_02640C	1391
C4_02660W	1216
C4_02670W	1610
C4_02680C	376
C4_02690W	1873
C4_02700W	1934
C4_02710C	1004
C4_02720C	1221
C4_02730C	300
C4_02740W	1712
C4_02750W	496
C4_02760C	1384
C4_02770C	1335
C4_02780W	1681
C4_02790C	1784
C4_02800W	1415
C4_02820W	423
C4_02830C	2339
C4_02840C	1014
C4_02850W	2441
C4_02860W	743
C4_02870C	1485
C4_02880C	852
C4_02890C	429
C4_02900C	1626
C4_02910W	318
C4_02920W	1680
C4_02930W	556
C4_02940W	1983
C4_02950C	642
C4_02960W	5810
C4_02970C	5652
C4_02980W	1322
C4_02990C	852
C4_03000C	858
C4_03020W	2738
C4_03030C	2643
C4_03040W	298
C4_03050C	2662
C4_03070W	1151
C4_03080W	2525
C4_03090W	1101
C4_03100W	1531
C4_03110W	5516
C4_03120C	2871
C4_03130W	1988
C4_03140C	1025
C4_03150W	3300
C4_03160C	1270
C4_03170W	1052
C4_03180W	2206
C4_03190W	1487
C4_03200C	1094
C4_03230C	4473
C4_03250C	1242
C4_03270W	948
C4_03280W	4021
C4_03290W	2778
C4_03300C	1237
C4_03310C	341
C4_03320W	1173
C4_03330W	1311
C4_03340C	1681
C4_03350C	1528
C4_03360C	2434
C4_03370C	456
C4_03380C	1155
C4_03390W	708
C4_03400W	54
C4_03410W	873
C4_03420C	304
C4_03430W	789
C4_03440C	2336
C4_03450C	1978
C4_03460C	1956
C4_03470C	1097
C4_03480C	585
C4_03490C	907
C4_03500C	549
C4_03510C	2757
C4_03520C	2480
C4_03530W	2216
C4_03540C	2033
C4_03550W	2970
C4_03560W	2378
C4_03570W	1950
C4_03580W	1198
C4_03590C	2836
C4_03600C	1407
C4_03620C	1396
C4_03670W	2583
C4_03680C	1870
C4_03690C	623
C4_03700W	1795
C4_03710C	1672
C4_03720C	1157
C4_03730C	1428
C4_03740W	982
C4_03750C	1333
C4_03760W	706
C4_03770W	617
C4_03780C	1493
C4_03790W	1352
C4_03800C	2674
C4_03810W	2495
C4_03820C	1427
C4_03830W	4366
C4_03840C	1058
C4_03850W	1835
C4_03860C	1341
C4_03870C	1010
C4_03880W	1588
C4_03890W	2342
C4_03900C	2126
C4_03910W	2534
C4_03920W	1911
C4_03930C	632
C4_03940C	3751
C4_03950C	781
C4_03960W	258
C4_03970W	330
C4_03990C	1431
C4_04000W	1454
C4_04010W	2989
C4_04020C	914
C4_04030W	1703
C4_04040W	552
C4_04050C	838
C4_04060W	363
C4_04070C	1072
C4_04080C	1288
C4_04090C	1861
C4_04100C	757
C4_04110W	291
C4_04120C	1893
C4_04130W	660
C4_04140W	1128
C4_04150C	1205
C4_04160W	1634
C4_04170C	3681
C4_04180C	1182
C4_04190C	2544
C4_04200C	1341
C4_04210C	899
C4_04220W	693
C4_04230W	1931
C4_04240C	2691
C4_04250W	1780
C4_04260C	2890
C4_04270W	671
C4_04280C	895
C4_04290W	2724
C4_04300C	464
C4_04310W	856
C4_04320W	2311
C4_04330C	1038
C4_04340C	616
C4_04350W	630
C4_04360W	2098
C4_04370C	2634
C4_04380C	775
C4_04390W	63
C4_04400C	612
C4_04410C	2250
C4_04420W	1617
C4_04430W	654
C4_04440W	871
C4_04450C	2947
C4_04460C	4480
C4_04470W	1545
C4_04480C	1494
C4_04500C	920
C4_04510W	4349
C4_04520W	922
C4_04530C	2178
C4_04540C	330
C4_04550C	1227
C4_04560C	1256
C4_04570W	879
C4_04580W	5291
C4_04590W	1243
C4_04600C	1543
C4_04620C	1561
C4_04630C	363
C4_04640C	984
C4_04650W	811
C4_04660C	3108
C4_04670C	1636
C4_04700W	1653
C4_04710W	1745
C4_04720W	1032
C4_04730W	2579
C4_04750W	1597
C4_04760C	1024
C4_04770C	2889
C4_04780W	2641
C4_04790W	2775
C4_04800W	1233
C4_04810C	1472
C4_04820C	975
C4_04830W	2039
C4_04840C	2167
C4_04850C	2380
C4_04860W	1367
C4_04870C	2417
C4_04880W	1349
C4_04890C	650
C4_04910C	803
C4_04920W	1165
C4_04930C	1065
C4_04940W	877
C4_04950W	444
C4_04970C	740
C4_04980W	1738
C4_04990C	1749
C4_05000W	1453
C4_05010W	1609
C4_05020W	424
C4_05030C	5269
C4_05040W	275
C4_05050C	1752
C4_05060W	2269
C4_05070C	1530
C4_05080C	2323
C4_05090C	5395
C4_05100C	4087
C4_05110C	2378
C4_05120C	312
C4_05130C	2092
C4_05140C	4991
C4_05150W	2238
C4_05160C	1632
C4_05170C	1313
C4_05180C	4316
C4_05190C	1656
C4_05200C	640
C4_05210W	826
C4_05220C	2534
C4_05230C	2518
C4_05240C	2567
C4_05250W	731
C4_05260W	2486
C4_05270C	776
C4_05280W	6482
C4_05290W	2680
C4_05300W	1925
C4_05310W	1486
C4_05320W	1202
C4_05330C	1666
C4_05340W	2355
C4_05350W	2865
C4_05360C	1352
C4_05370W	3040
C4_05380C	726
C4_05390W	1119
C4_05400C	1615
C4_05420C	4920
C4_05430C	1954
C4_05440C	1611
C4_05450C	1145
C4_05460C	2016
C4_05530W	1811
C4_05540W	1842
C4_05550C	1268
C4_05560C	1675
C4_05570C	1792
C4_05580C	1891
C4_05590W	8507
C4_05600W	2958
C4_05610C	3207
C4_05620C	838
C4_05630W	1029
C4_05640C	962
C4_05650W	1034
C4_05660C	2349
C4_05670W	2097
C4_05680W	2219
C4_05690W	2373
C4_05700W	2987
C4_05720W	330
C4_05730W	826
C4_05740C	4692
C4_05750C	970
C4_05760W	1430
C4_05770C	3598
C4_05780C	2453
C4_05790W	3843
C4_05800C	363
C4_05810W	1383
C4_05820W	332
C4_05830W	339
C4_05840W	2481
C4_05850C	1680
C4_05860W	423
C4_05870C	1689
C4_05880W	2598
C4_05890W	565
C4_05900C	1812
C4_05910C	3545
C4_05920C	2547
C4_05940W	3496
C4_05960W	34
C4_05970W	2243
C4_05980C	2260
C4_06000W	1418
C4_06010C	1336
C4_06020C	3492
C4_06040W	1219
C4_06050W	759
C4_06060W	9460
C4_06070C	1219
C4_06080W	250
C4_06090C	2489
C4_06100W	2544
C4_06110C	2305
C4_06120W	1429
C4_06130W	11614
C4_06140C	1764
C4_06150C	1357
C4_06160W	1536
C4_06170C	599
C4_06190C	3659
C4_06200W	245
C4_06210C	1712
C4_06220C	817
C4_06230C	2247
C4_06240W	1377
C4_06250C	2642
C4_06260W	1180
C4_06270C	1187
C4_06280C	1395
C4_06290W	294
C4_06300C	1131
C4_06310C	1222
C4_06320C	666
C4_06340W	2911
C4_06350C	2261
C4_06360C	955
C4_06370C	1923
C4_06380W	840
C4_06390W	881
C4_06400C	969
C4_06410W	2557
C4_06420W	3289
C4_06430C	1807
C4_06440C	1803
C4_06450W	496
C4_06460C	774
C4_06470W	609
C4_06480C	1880
C4_06490C	1728
C4_06500W	3279
C4_06510C	1376
C4_06530C	1962
C4_06540W	3279
C4_06550C	4506
C4_06560W	535
C4_06570C	1926
C4_06580W	55
C4_06590W	865
C4_06600W	4486
C4_06610C	2360
C4_06620C	556
C4_06630C	507
C4_06640C	480
C4_06650W	2054
C4_06660W	1548
C4_06670W	1276
C4_06680C	2924
C4_06690C	614
C4_06700W	327
C4_06710W	1197
C4_06720W	1015
C4_06730C	1663
C4_06740C	1933
C4_06750C	438
C4_06760W	2203
C4_06770W	2018
C4_06780C	1448
C4_06790W	1094
C4_06800W	1419
C4_06810C	2125
C4_06820C	3134
C4_06830C	1803
C4_06840W	797
C4_06850C	1153
C4_06860C	702
C4_06870W	1319
C4_06880C	404
C4_06890W	1246
C4_06900W	735
C4_06910W	1768
C4_06920C	705
C4_06930C	1093
C4_06940C	1363
C4_06950W	760
C4_06960W	711
C4_06970C	1497
C4_06980W	924
C4_06990W	2315
C4_07000W	624
C4_07010C	595
C4_07020C	994
C4_07030W	820
C4_07040W	1557
C4_07050W	966
C4_07060W	4388
C4_07070W	764
C4_07080C	3334
C4_07090C	1296
C4_07100C	6057
C4_07110C	1312
C4_07120C	2731
C4_07130W	4319
C4_07140W	617
C4_07150W	743
C4_07160W	304
C4_07170C	292
C4_07180W	579
C4_07190W	2533
C4_07200C	1200
C4_07210W	950
C4_07220C	3656
C4_07230C	2158
C4_07240W	414
C4_07250C	651
C4_07260W	353
C5_00010W	736
C5_00030W	856
C5_00040C	1665
C5_00050W	696
C5_00060C	1639
C5_00070W	1236
C5_00080C	933
C5_00090C	733
C5_00100C	622
C5_00110C	2224
C5_00120W	309
C5_00130C	416
C5_00140C	465
C5_00150C	1924
C5_00160W	850
C5_00170W	1208
C5_00180W	3276
C5_00190C	6267
C5_00200C	2451
C5_00210C	2329
C5_00220W	2669
C5_00230C	978
C5_00240W	1782
C5_00250C	621
C5_00260W	1256
C5_00270W	429
C5_00280C	1182
C5_00290W	1041
C5_00300C	4170
C5_00310C	677
C5_00320W	322
C5_00330C	8996
C5_00340W	1031
C5_00350C	1497
C5_00380W	3140
C5_00390C	980
C5_00400C	3428
C5_00410W	339
C5_00420C	563
C5_00430W	660
C5_00440C	800
C5_00450C	1247
C5_00460C	2029
C5_00470C	2258
C5_00480C	1201
C5_00490C	4116
C5_00500W	3338
C5_00510W	2020
C5_00520W	471
C5_00530W	2322
C5_00540C	1411
C5_00550C	682
C5_00560W	668
C5_00570W	5415
C5_00580W	2251
C5_00590W	960
C5_00600C	1305
C5_00610C	1954
C5_00620W	666
C5_00630C	2238
C5_00640C	1692
C5_00650C	1257
C5_00660C	1810
C5_00670C	3120
C5_00680W	1376
C5_00690C	1089
C5_00700C	1647
C5_00710W	2142
C5_00730W	3747
C5_00740W	541
C5_00750C	2194
C5_00760W	1984
C5_00770C	2558
C5_00780C	1430
C5_00790C	2893
C5_00800C	1503
C5_00810C	929
C5_00820W	895
C5_00830C	1464
C5_00840W	1191
C5_00850C	472
C5_00860W	556
C5_00870C	2259
C5_00880C	1877
C5_00890C	2115
C5_00900C	1190
C5_00910C	551
C5_00920W	503
C5_00930C	1069
C5_00940C	1212
C5_00950C	1530
C5_00980W	1725
C5_01000C	895
C5_01010W	1145
C5_01020C	319
C5_01040W	321
C5_01050C	712
C5_01060C	967
C5_01070C	1735
C5_01080C	3200
C5_01090C	1786
C5_01100C	3100
C5_01110W	1187
C5_01120W	505
C5_01130W	836
C5_01140C	2413
C5_01170W	700
C5_01180W	1325
C5_01190W	1251
C5_01200W	561
C5_01210W	2129
C5_01220W	1376
C5_01230C	1069
C5_01240W	1780
C5_01250W	2825
C5_01260W	2494
C5_01270W	2394
C5_01280C	1585
C5_01290C	949
C5_01300C	1341
C5_01310W	764
C5_01320W	1904
C5_01330W	444
C5_01340W	1461
C5_01350W	2034
C5_01360W	2255
C5_01380W	2207
C5_01390C	909
C5_01400W	2113
C5_01410C	2689
C5_01420W	121
C5_01430C	1682
C5_01440C	1550
C5_01450W	1553
C5_01460W	3986
C5_01470C	1690
C5_01480W	446
C5_01490C	1955
C5_01500C	3703
C5_01510W	367
C5_01520C	1927
C5_01530C	1682
C5_01540W	94
C5_01550C	577
C5_01560C	967
C5_01570C	2037
C5_01580C	3407
C5_01590W	1883
C5_01600C	2120
C5_01610W	1530
C5_01620C	861
C5_01640W	1646
C5_01650C	6230
C5_01670W	1682
C5_01680C	2854
C5_01690C	1790
C5_01700W	699
C5_01710C	2494
C5_01720C	2819
C5_01740C	1245
C5_01750C	333
C5_01760C	3030
C5_01770C	1434
C5_01780W	1682
C5_01790C	300
C5_01745W	1674
C5_01755C	579
C5_01765C	2931
C5_01775C	1287
C5_01785W	482
C5_01730W	2659
C5_01800C	1872
C5_01810W	1197
C5_01820W	1839
C5_01830C	4342
C5_01840C	3573
C5_01850C	3165
C5_01860W	333
C5_01870W	2346
C5_01880C	755
C5_01890W	762
C5_01900C	230
C5_01910W	595
C5_01920C	2155
C5_01930W	1574
C5_01940W	1809
C5_01950C	1698
C5_01960C	2082
C5_01970C	3367
C5_01980C	906
C5_01990W	1085
C5_02000C	2191
C5_02010C	2413
C5_02020C	1251
C5_02030W	1074
C5_02040W	1458
C5_02050W	5082
C5_02060W	1199
C5_02070C	1049
C5_02080C	467
C5_02090W	291
C5_02110W	381
C5_02120C	2600
C5_02130W	576
C5_02140C	659
C5_02150C	1996
C5_02160W	2576
C5_02170C	1718
C5_02180C	3021
C5_02190C	631
C5_02200W	1092
C5_02210W	1052
C5_02220C	882
C5_02230W	934
C5_02240W	1775
C5_02260C	1903
C5_02270W	1582
C5_02280C	1480
C5_02290W	1404
C5_02300C	2061
C5_02310C	33
C5_02320C	1286
C5_02330W	312
C5_02340C	4320
C5_02350C	979
C5_02360C	589
C5_02370C	1423
C5_02380W	1859
C5_02390C	1352
C5_02400W	963
C5_02410C	624
C5_02430W	2097
C5_02440C	973
C5_02450W	2478
C5_02460C	1570
C5_02470W	233
C5_02480W	1021
C5_02490C	1878
C5_02500C	1543
C5_02510C	1747
C5_02520W	1981
C5_02530W	1610
C5_02540C	663
C5_02550C	2462
C5_02560C	2031
C5_02570W	2435
C5_02580W	393
C5_02590C	3101
C5_02600W	1530
C5_02610C	3819
C5_02620C	2607
C5_02630C	2563
C5_02640W	713
C5_02650C	2968
C5_02660C	1175
C5_02670W	1652
C5_02680W	1114
C5_02690W	1095
C5_02700W	2773
C5_02710W	1046
C5_02720W	828
C5_02730C	1274
C5_02740W	1733
C5_02750C	3175
C5_02760W	926
C5_02770W	1533
C5_02780W	2934
C5_02790C	1920
C5_02800C	1027
C5_02810W	244
C5_02820C	900
C5_02830W	876
C5_02840C	4618
C5_02860C	1648
C5_02870C	480
C5_02890W	482
C5_02900W	2346
C5_02910C	2805
C5_02920W	1365
C5_02930C	1659
C5_02940C	1925
C5_02950C	378
C5_02960C	450
C5_02970W	2586
C5_02980C	725
C5_02990W	622
C5_03000C	3712
C5_03010W	2079
C5_03020W	4718
C5_03030W	2424
C5_03040W	1590
C5_03050C	1390
C5_03060C	1627
C5_03070W	714
C5_03080C	2321
C5_03090W	1403
C5_03100C	1200
C5_03110C	910
C5_03120W	1513
C5_03130W	1068
C5_03140C	6549
C5_03150W	3286
C5_03160W	3886
C5_03170C	2959
C5_03210C	2201
C5_03240W	1241
C5_03250W	1747
C5_03260C	3968
C5_03270W	909
C5_03280W	1303
C5_03290C	637
C5_03300C	2642
C5_03310C	1538
C5_03320C	1933
C5_03330C	4038
C5_03340W	318
C5_03350W	1173
C5_03360W	561
C5_03370C	805
C5_03380W	1303
C5_03390C	809
C5_03400C	640
C5_03410C	780
C5_03430W	964
C5_03440W	213
C5_03460C	1058
C5_03470C	1624
C5_03480C	1857
C5_03490C	1793
C5_03500W	1772
C5_03510C	1682
C5_03520W	1173
C5_03530C	682
C5_03540C	568
C5_03550W	2477
C5_03560W	554
C5_03570W	605
C5_03580C	1578
C5_03590W	1782
C5_03600W	1567
C5_03610W	1820
C5_03620W	1086
C5_03630C	576
C5_03640W	906
C5_03650C	1966
C5_03670C	1219
C5_03680W	2634
C5_03690W	1396
C5_03700C	1083
C5_03710C	1095
C5_03720C	351
C5_03730W	840
C5_03740W	914
C5_03750W	549
C5_03760C	3062
C5_03770C	1275
C5_03780C	858
C5_03790W	570
C5_03800W	93
C5_03810C	958
C5_03820C	2612
C5_03830C	796
C5_03840W	978
C5_03850W	465
C5_03860W	642
C5_03870C	846
C5_03880C	2352
C5_03890C	1269
C5_03900W	298
C5_03910C	1392
C5_03920C	902
C5_03930C	2451
C5_03940C	2132
C5_03950W	2984
C5_03960W	583
C5_03970W	2515
C5_03980W	2535
C5_03990W	1746
C5_04000W	98
C5_04010C	892
C5_04020C	1559
C5_04030W	1224
C5_04040C	354
C5_04050W	3505
C5_04060C	7111
C5_04070C	840
C5_04080C	1006
C5_04090C	788
C5_04100W	1419
C5_04110W	1645
C5_04120C	1141
C5_04130C	2066
C5_04140W	1260
C5_04150C	855
C5_04160W	436
C5_04170W	1662
C5_04180W	1618
C5_04190W	811
C5_04200W	585
C5_04210C	768
C5_04220W	716
C5_04230W	588
C5_04240C	309
C5_04250W	612
C5_04260W	1239
C5_04270C	1882
C5_04280C	2492
C5_04290C	1654
C5_04300C	1569
C5_04310W	1884
C5_04320C	2669
C5_04330W	342
C5_04340W	944
C5_04350C	888
C5_04360C	977
C5_04370C	1388
C5_04380C	1439
C5_04390C	563
C5_04400W	1197
C5_04410C	1442
C5_04420W	1183
C5_04430C	1055
C5_04440C	1145
C5_04450C	300
C5_04460C	180
C5_04470C	927
C5_04480C	469
C5_04490C	1034
C5_04500W	300
C5_04510W	3720
C5_04520W	1221
C5_04530W	823
C5_04540C	1016
C5_04550W	958
C5_04560C	360
C5_04570C	2089
C5_04580C	942
C5_04590C	884
C5_04600C	2612
C5_04610W	1428
C5_04620C	1198
C5_04630W	372
C5_04640C	4274
C5_04650C	1868
C5_04660C	871
C5_04670W	1653
C5_04680W	3504
C5_04690C	506
C5_04700C	2449
C5_04710W	1476
C5_04720C	931
C5_04730C	4412
C5_04740C	1866
C5_04750C	1822
C5_04770W	915
C5_04780W	1436
C5_04790C	743
C5_04800W	1708
C5_04810W	3043
C5_04820W	309
C5_04830W	3362
C5_04840C	1109
C5_04850W	823
C5_04860C	796
C5_04870W	831
C5_04880C	2041
C5_04890C	1153
C5_04900C	1350
C5_04910W	756
C5_04920C	6155
C5_04930C	1955
C5_04940W	1778
C5_04950C	2499
C5_04960W	3617
C5_04970C	2718
C5_04980W	1725
C5_04990W	534
C5_05000C	2524
C5_05010W	405
C5_05020C	1267
C5_05030C	2232
C5_05040W	1553
C5_05050W	1109
C5_05060C	549
C5_05070W	2424
C5_05080W	2210
C5_05090W	1299
C5_05100C	1950
C5_05110C	2437
C5_05120W	1632
C5_05130C	820
C5_05140W	1091
C5_05150C	1299
C5_05160C	653
C5_05170W	2184
C5_05180W	1221
C5_05190W	1070
C5_05200C	1441
C5_05210W	1472
C5_05220W	1287
C5_05230C	1465
C5_05240C	975
C5_05250C	863
C5_05260W	674
C5_05270C	956
C5_05280C	670
C5_05290C	453
C5_05300W	740
C5_05310W	612
C5_05320C	984
C5_05330C	1267
C5_05340W	1282
C5_05350W	1353
C5_05360C	2724
C5_05370C	3095
C5_05380W	1410
C5_05390C	1412
C5_05400W	1422
C5_05410C	1846
C5_05430W	574
C5_05440C	2283
C5_05450C	829
C5_05460C	511
C5_05470W	1836
C5_05480W	1136
C5_05490C	1524
C5_05500C	800
C5_05510C	394
C6_00010W	339
C6_00020W	384
C6_00030W	522
C6_00070C	2734
C6_00080C	1535
C6_00090W	407
C6_00100C	595
C6_00110C	890
C6_00120W	277
C6_00130C	2251
C6_00140C	787
C6_00150W	871
C6_00160W	393
C6_00170C	2159
C6_00180C	903
C6_00190W	1256
C6_00200C	363
C6_00210W	1433
C6_00230W	1086
C6_00240C	912
C6_00250W	1686
C6_00260W	1157
C6_00270W	729
C6_00280W	3021
C6_00290W	3049
C6_00300C	3448
C6_00310W	2469
C6_00320C	4382
C6_00330C	1898
C6_00340C	2565
C6_00350W	2686
C6_00360C	762
C6_00370C	1804
C6_00380C	1170
C6_00390W	1488
C6_00400C	1435
C6_00410C	3327
C6_00430C	1714
C6_00440C	2485
C6_00450C	399
C6_00460C	2263
C6_00470C	2391
C6_00480C	2727
C6_00490W	1463
C6_00500C	1224
C6_00510C	1870
C6_00520W	312
C6_00530C	293
C6_00540W	1868
C6_00550W	940
C6_00560W	2037
C6_00570C	2314
C6_00580W	357
C6_00590W	1569
C6_00600C	1297
C6_00610C	330
C6_00620W	103
C6_00630W	536
C6_00640C	1125
C6_00650C	1006
C6_00660C	201
C6_00670W	192
C6_00680C	781
C6_00690W	1607
C6_00700C	1179
C6_00710W	2096
C6_00720C	1617
C6_00730W	1914
C6_00740W	2133
C6_00750C	1537
C6_00760W	994
C6_00770C	1931
C6_00780W	3411
C6_00790C	1091
C6_00800C	2358
C6_00810C	1743
C6_00820W	1374
C6_00830C	3034
C6_00840W	572
C6_00850W	518
C6_00860W	755
C6_00870C	1554
C6_00880W	1290
C6_00890W	2337
C6_00900C	1052
C6_00910C	2855
C6_00920W	508
C6_00930C	1059
C6_00940C	1111
C6_00950C	2722
C6_00960W	1787
C6_00970C	1178
C6_00980C	1050
C6_00990W	1038
C6_01000C	1248
C6_01010W	375
C6_01020W	852
C6_01030W	1074
C6_01040C	2493
C6_01050W	1546
C6_01060C	1828
C6_01070C	897
C6_01080C	996
C6_01090C	815
C6_01100W	1590
C6_01110W	1360
C6_01120C	1105
C6_01130W	918
C6_01140C	661
C6_01150W	2696
C6_01160W	735
C6_01170W	1131
C6_01180C	1529
C6_01190C	4834
C6_01200W	717
C6_01210W	151
C6_01220C	2058
C6_01250W	321
C6_01260W	408
C6_01280W	2443
C6_01290C	2372
C6_01300W	1328
C6_01310W	795
C6_01320W	11592
C6_01330C	567
C6_01340C	1139
C6_01350W	2179
C6_01360W	638
C6_01370W	2299
C6_01380C	715
C6_01390W	1304
C6_01400W	2219
C6_01410C	1567
C6_01420C	1461
C6_01430C	1362
C6_01440C	952
C6_01450C	1162
C6_01460C	1322
C6_01470W	1963
C6_01480W	1065
C6_01490C	741
C6_01500C	3403
C6_01510W	1386
C6_01520W	1964
C6_01530C	114
C6_01550C	4438
C6_01560W	1268
C6_01570C	3346
C6_01590W	2032
C6_01600W	348
C6_01610W	55
C6_01620W	2031
C6_01630W	1558
C6_01640W	101
C6_01650C	8221
C6_01660C	381
C6_01670W	2095
C6_01680C	1390
C6_01690W	2202
C6_01710C	2928
C6_01720C	878
C6_01730W	306
C6_01740C	1903
C6_01750C	1301
C6_01760W	2626
C6_01770W	1157
C6_01780C	1746
C6_01790C	1791
C6_01810W	1479
C6_01820C	1293
C6_01830W	687
C6_01840C	1029
C6_01850W	2359
C6_01860C	659
C6_01870C	1667
C6_01880W	882
C6_01890C	1889
C6_01900C	806
C6_01910W	796
C6_01920C	1826
C6_01930W	960
C6_01940W	550
C6_01950C	1773
C6_01960W	1721
C6_01970C	1085
C6_01980C	819
C6_01990W	1870
C6_02000W	1827
C6_02010C	1507
C6_02020C	1504
C6_02030C	1276
C6_02040W	954
C6_02050W	1562
C6_02060W	2660
C6_02070C	1082
C6_02080W	306
C6_02090C	3841
C6_02100W	528
C6_02110W	1205
C6_02120W	5184
C6_02130C	1313
C6_02140W	2907
C6_02150C	1525
C6_02160W	1756
C6_02170C	1337
C6_02180W	694
C6_02190C	2584
C6_02200C	952
C6_02210W	597
C6_02220W	144
C6_02230W	2109
C6_02240C	852
C6_02250W	1215
C6_02260C	3190
C6_02270C	2031
C6_02280W	1265
C6_02290C	2594
C6_02300C	741
C6_02310W	1844
C6_02320C	1789
C6_02330W	754
C6_02340W	1697
C6_02350C	1771
C6_02360W	620
C6_02370C	1615
C6_02380W	1718
C6_02410W	1389
C6_02420W	1418
C6_02430W	4011
C6_02440C	1051
C6_02450W	801
C6_02460C	1127
C6_02470W	1949
C6_02480W	1180
C6_02490C	1014
C6_02500C	1296
C6_02510C	536
C6_02520W	906
C6_02530C	614
C6_02540C	862
C6_02550W	872
C6_02560W	1082
C6_02570C	1077
C6_02580W	1510
C6_02590C	914
C6_02600W	2567
C6_02610C	1601
C6_02620C	575
C6_02630C	2598
C6_02640C	1212
C6_02650C	1843
C6_02660C	2037
C6_02670C	1810
C6_02680W	1421
C6_02690C	2701
C6_02710C	2365
C6_02720C	2481
C6_02730W	2012
C6_02740W	387
C6_02750C	1918
C6_02760W	675
C6_02770W	729
C6_02780C	1791
C6_02790C	2479
C6_02800W	617
C6_02810C	3768
C6_02820W	306
C6_02830W	2616
C6_02840C	2147
C6_02850W	1143
C6_02860W	3281
C6_02870W	848
C6_02880W	865
C6_02890C	1583
C6_02900C	1600
C6_02910W	880
C6_02920C	1058
C6_02930W	16
C6_02940C	1684
C6_02950C	2032
C6_02960W	1236
C6_02970C	1833
C6_02980C	2008
C6_02990W	1737
C6_03000C	834
C6_03010W	8664
C6_03020W	2473
C6_03030W	1402
C6_03040C	3268
C6_03050C	1711
C6_03060W	2223
C6_03070C	321
C6_03080C	1116
C6_03090W	2136
C6_03100W	1901
C6_03110C	1131
C6_03120W	3165
C6_03130W	189
C6_03140C	2349
C6_03150C	1296
C6_03160C	2099
C6_03170C	1856
C6_03180C	3501
C6_03190C	318
C6_03200W	1191
C6_03210C	1212
C6_03220W	1142
C6_03230W	1070
C6_03240W	1137
C6_03250W	2430
C6_03260W	921
C6_03270C	1117
C6_03280W	807
C6_03290W	1475
C6_03300C	2138
C6_03310W	2553
C6_03320W	958
C6_03330C	2832
C6_03340C	2165
C6_03350C	1846
C6_03360C	799
C6_03370W	1814
C6_03380W	1346
C6_03390W	129
C6_03400C	764
C6_03410C	1292
C6_03420W	2220
C6_03430C	5092
C6_03440W	2347
C6_03450C	2904
C6_03460W	3557
C6_03470W	2052
C6_03480W	1866
C6_03490C	1894
C6_03500C	1295
C6_03510C	345
C6_03520C	2477
C6_03530C	848
C6_03540W	1483
C6_03550C	1803
C6_03560W	2226
C6_03570W	720
C6_03580W	2116
C6_03590C	740
C6_03600C	1578
C6_03610W	1962
C6_03620C	1808
C6_03630W	844
C6_03640W	853
C6_03650C	1653
C6_03660C	1346
C6_03670C	294
C6_03690W	5172
C6_03700W	3870
C6_03710W	5670
C6_03720W	2946
C6_03730C	1595
C6_03740W	650
C6_03750C	800
C6_03760C	1536
C6_03770C	1304
C6_03780C	1997
C6_03790C	2040
C6_03800C	1977
C6_03810W	1628
C6_03820C	1126
C6_03830W	1713
C6_03840C	4661
C6_03850C	1357
C6_03860C	1090
C6_03880W	830
C6_03890C	1238
C6_03900W	2449
C6_03910C	912
C6_03920W	1084
C6_03930W	2203
C6_03940C	1795
C6_03950C	1273
C6_03960W	2234
C6_03990C	1837
C6_04030W	1381
C6_04040C	1600
C6_04050W	1235
C6_04060W	3145
C6_04070C	1502
C6_04080W	1386
C6_04100W	139
C6_04110W	1530
C6_04120C	3510
C6_04130C	6916
C6_04140C	2481
C6_04150W	609
C6_04160C	2806
C6_04170C	2976
C6_04180W	3073
C6_04190C	1438
C6_04200C	150
C6_04210C	2492
C6_04220C	1589
C6_04230W	1605
C6_04240W	570
C6_04250W	293
C6_04260C	1065
C6_04270W	7146
C6_04280W	747
C6_04290W	2123
C6_04300W	2476
C6_04310W	861
C6_04320C	598
C6_04330W	2122
C6_04340W	1638
C6_04350C	2666
C6_04360C	1243
C6_04370W	2716
C6_04380W	7658
C6_04400W	312
C6_04410C	1068
C6_04420W	453
C6_04430W	1266
C6_04440C	2499
C6_04450W	1190
C6_04470C	2372
C6_04480C	931
C6_04490W	2012
C6_04500C	4348
C6_04510C	1606
C6_04520W	3306
C6_04530C	2852
C6_04540C	1338
C6_04550C	2386
C6_04560W	1015
C6_04570W	2468
C6_04580W	1625
C6_04590C	896
C6_04600W	1329
C6_04610C	1752
C6_04620C	1743
C6_04650W	2682
C7_00010C	1036
C7_00020C	860
C7_00030W	630
C7_00040C	672
C7_00050C	2340
C7_00060C	706
C7_00070C	1044
C7_00080C	1903
C7_00090C	3436
C7_00100W	2365
C7_00110W	258
C7_00120W	543
C7_00130W	1087
C7_00140C	585
C7_00150W	844
C7_00160C	501
C7_00170W	2358
C7_00180W	2304
C7_00190W	1056
C7_00200W	1193
C7_00210C	2364
C7_00220W	1065
C7_00230W	1801
C7_00240W	906
C7_00250C	783
C7_00260C	3130
C7_00270W	1184
C7_00280W	1650
C7_00290C	2352
C7_00300W	824
C7_00310C	914
C7_00320C	2878
C7_00330C	1270
C7_00340C	2990
C7_00350C	1422
C7_00360W	1162
C7_00370W	1211
C7_00380W	839
C7_00390W	1491
C7_00400W	1145
C7_00410C	3467
C7_00420C	671
C7_00430W	1816
C7_00440C	2083
C7_00450C	896
C7_00460W	885
C7_00470C	1647
C7_00480W	1542
C7_00490C	874
C7_00500W	468
C7_00510W	1368
C7_00520W	3331
C7_00530C	763
C7_00550C	2544
C7_00560C	920
C7_00570W	3557
C7_00580C	800
C7_00590W	1176
C7_00600C	1430
C7_00610C	1954
C7_00620W	2213
C7_00630C	2321
C7_00640C	324
C7_00650W	363
C7_00660W	2535
C7_00670C	4081
C7_00680W	743
C7_00690W	837
C7_00700W	507
C7_00720W	1772
C7_00730W	582
C7_00740W	5960
C7_00750W	90
C7_00760C	740
C7_00770W	935
C7_00780W	2413
C7_00790W	1235
C7_00800C	800
C7_00810W	1538
C7_00820W	1141
C7_00830C	2679
C7_00840C	4094
C7_00850W	3192
C7_00860W	824
C7_00870W	1886
C7_00880C	3604
C7_00890C	1214
C7_00900W	306
C7_00910C	1238
C7_00920C	1187
C7_00930W	3121
C7_00940W	2350
C7_00950W	880
C7_00960W	82
C7_00970C	1153
C7_00980W	2183
C7_00990W	991
C7_01000C	420
C7_01010W	1227
C7_01020C	639
C7_01030C	3799
C7_01040C	1948
C7_01050W	1097
C7_01060W	426
C7_01070C	3663
C7_01100C	1740
C7_01130C	531
C7_01150W	1095
C7_01160C	445
C7_01170C	1486
C7_01180W	1316
C7_01190W	943
C7_01200C	2234
C7_01210C	977
C7_01220W	991
C7_01230C	1707
C7_01250W	553
C7_01270C	1958
C7_01280C	1544
C7_01290W	594
C7_01300C	773
C7_01310C	327
C7_01320W	2071
C7_01330C	5398
C7_01340W	2129
C7_01350C	1132
C7_01360C	862
C7_01370W	1762
C7_01380W	1262
C7_01390W	668
C7_01400C	2801
C7_01410C	2708
C7_01420W	833
C7_01430C	1317
C7_01440W	440
C7_01450C	2389
C7_01460C	3223
C7_01470C	1083
C7_01480W	1430
C7_01490W	742
C7_01500W	1361
C7_01510W	1732
C7_01520W	1897
C7_01530W	324
C7_01540W	1521
C7_01550W	7019
C7_01560C	1499
C7_01570C	2011
C7_01580W	3524
C7_01590C	1647
C7_01600W	1164
C7_01610W	68
C7_01620C	2524
C7_01630W	1293
C7_01640W	1588
C7_01650W	962
C7_01660C	2522
C7_01670W	2155
C7_01680C	1258
C7_01690W	354
C7_01700W	984
C7_01710W	1239
C7_01720W	922
C7_01730C	255
C7_01740C	890
C7_01750W	951
C7_01760C	759
C7_01770W	345
C7_01780W	4195
C7_01790C	1079
C7_01800C	3022
C7_01810W	1597
C7_01820C	860
C7_01830W	803
C7_01840W	5660
C7_01850C	2225
C7_01860W	468
C7_01870W	1806
C7_01880C	1112
C7_01890C	491
C7_01900W	1596
C7_01910C	1196
C7_01920W	1049
C7_01930C	1257
C7_01940C	3598
C7_01950W	1060
C7_01960W	2249
C7_01970C	1509
C7_01990C	2168
C7_02000C	1674
C7_02010C	2124
C7_02020W	1217
C7_02030W	2158
C7_02040C	1171
C7_02050C	2334
C7_02060W	2534
C7_02070W	645
C7_02080W	588
C7_02090C	988
C7_02100W	64
C7_02110W	2120
C7_02120C	671
C7_02130W	1167
C7_02140W	912
C7_02150C	1411
C7_02160W	3654
C7_02170C	1148
C7_02180C	742
C7_02200W	2112
C7_02210W	652
C7_02220C	1662
C7_02230W	351
C7_02240W	855
C7_02250W	1707
C7_02260W	510
C7_02270W	496
C7_02280W	506
C7_02290W	754
C7_02300W	2204
C7_02310C	1692
C7_02320W	2452
C7_02330W	4836
C7_02340C	1357
C7_02350C	2719
C7_02360W	903
C7_02370W	556
C7_02380C	658
C7_02390W	588
C7_02420C	4013
C7_02430C	2274
C7_02450W	1923
C7_02460C	1294
C7_02470C	1022
C7_02480W	571
C7_02490W	3307
C7_02500C	1144
C7_02520W	1256
C7_02530C	1630
C7_02540W	1780
C7_02550C	955
C7_02560W	4089
C7_02570C	534
C7_02600C	4698
C7_02610C	950
C7_02630W	2117
C7_02640W	2002
C7_02650W	1516
C7_02660C	1048
C7_02670W	3055
C7_02680W	513
C7_02690C	1594
C7_02750W	1531
C7_02760W	423
C7_02770W	3130
C7_02780W	1499
C7_02790C	3244
C7_02800W	3501
C7_02810W	1282
C7_02830C	1911
C7_02840C	1677
C7_02850W	2027
C7_02860C	3647
C7_02870C	599
C7_02880C	1359
C7_02890C	2948
C7_02910W	3370
C7_02920W	1840
C7_02930C	1458
C7_02940C	2425
C7_02950C	1628
C7_02960C	1361
C7_02970W	1780
C7_02980C	3370
C7_02990W	4165
C7_03000C	582
C7_03010W	3231
C7_03020C	1288
C7_03030W	628
C7_03040W	825
C7_03050W	685
C7_03060C	2346
C7_03070C	5401
C7_03080W	146
C7_03090C	2248
C7_03110W	1195
C7_03120W	1247
C7_03130C	675
C7_03140W	2294
C7_03150W	2105
C7_03160W	2335
C7_03170W	2320
C7_03180C	782
C7_03190C	375
C7_03200C	1064
C7_03210W	2322
C7_03220C	3555
C7_03230C	378
C7_03240W	2250
C7_03250C	1908
C7_03260C	1245
C7_03270W	1448
C7_03280C	1901
C7_03290C	5054
C7_03300C	2918
C7_03310W	747
C7_03320C	3384
C7_03330C	1518
C7_03340C	1234
C7_03350C	1191
C7_03360W	1706
C7_03370C	1445
C7_03380W	419
C7_03390C	978
C7_03400C	3294
C7_03410C	2905
C7_03420C	1907
C7_03440W	1881
C7_03450C	1600
C7_03460W	1818
C7_03470W	675
C7_03480W	3547
C7_03490W	2462
C7_03500W	1225
C7_03520W	782
C7_03530C	869
C7_03540C	2417
C7_03550C	2114
C7_03560W	1096
C7_03570W	1433
C7_03580C	2625
C7_03590C	2147
C7_03600W	2451
C7_03610C	3814
C7_03620C	2075
C7_03630C	670
C7_03640C	1597
C7_03650W	1053
C7_03660C	2193
C7_03670W	1680
C7_03680W	2324
C7_03690W	708
C7_03700C	1533
C7_03710C	3706
C7_03720C	2110
C7_03730C	3205
C7_03740C	327
C7_03760W	1127
C7_03770C	908
C7_03780C	1473
C7_03790W	1205
C7_03800W	679
C7_03810W	3299
C7_03820C	628
C7_03830C	955
C7_03840W	1197
C7_03850W	2276
C7_03860W	1723
C7_03870W	150
C7_03880C	1082
C7_03890C	2178
C7_03900W	327
C7_03910W	1144
C7_03920C	545
C7_03930C	1034
C7_03940C	2364
C7_03960C	1546
C7_03970C	782
C7_03980W	583
C7_03990C	890
C7_04000W	1742
C7_04010W	1955
C7_04020C	1038
C7_04030C	3025
C7_04040C	1412
C7_04050W	1032
C7_04060W	1928
C7_04070C	387
C7_04080C	798
C7_04090C	1456
C7_04100C	835
C7_04110W	1168
C7_04120W	553
C7_04130C	1001
C7_04140C	721
C7_04150W	2931
C7_04160W	1930
C7_04170W	13
C7_04180W	2585
C7_04190C	1741
C7_04200C	3276
C7_04210C	1333
C7_04220W	432
C7_04230W	1383
C7_04240C	2000
C7_04250W	2197
C7_04260W	290
C7_04270C	918
C7_04280C	816
C7_04290W	425
C7_04300W	4222
C7_04310C	1221
C7_04320W	553
C7_04330C	664
C7_04340C	326
C7_04360C	551
CM_00030W	786
CM_00050W	438
CM_00060W	951
CM_00070C	807
CM_00140C	228
CM_00160C	738
CM_00170C	144
CM_00210W	390
CM_00220W	1491
CM_00230W	390
CM_00240W	390
CM_00250W	390
CM_00310W	1425
CM_00320W	387
CM_00330W	390
CM_00340W	1434
CM_00370W	252
CM_00380W	1656
CM_00440W	1392
CM_00520W	807
CR_00010C	3709
CR_00020W	750
CR_00040C	1167
CR_00050W	1203
CR_00060C	2007
CR_00070W	4502
CR_00080W	3093
CR_00090C	701
CR_00100C	3159
CR_00110W	2178
CR_00120C	1757
CR_00130C	1294
CR_00140W	2550
CR_00150C	1514
CR_00160C	504
CR_00170W	2078
CR_00180C	1573
CR_00190W	2924
CR_00200W	1683
CR_00210W	1693
CR_00220W	1799
CR_00230W	5585
CR_00240W	249
CR_00250W	83
CR_00260W	3797
CR_00270C	491
CR_00280C	1270
CR_00290W	1056
CR_00300W	1474
CR_00310C	1464
CR_00320C	1481
CR_00330C	2595
CR_00340C	788
CR_00350W	1418
CR_00360C	2584
CR_00370W	2628
CR_00380W	1559
CR_00390W	5246
CR_00400C	1999
CR_00410W	1126
CR_00420W	1777
CR_00430C	436
CR_00440C	4514
CR_00460C	791
CR_00470W	1768
CR_00480W	741
CR_00490W	928
CR_00510C	1003
CR_00520C	3916
CR_00530W	552
CR_00540C	1156
CR_00550W	597
CR_00560W	2811
CR_00570W	1695
CR_00580W	837
CR_00590W	4105
CR_00600C	2485
CR_00610W	4578
CR_00620C	1517
CR_00630W	1711
CR_00640W	6813
CR_00650W	1137
CR_00660W	1484
CR_00670C	1328
CR_00680W	1390
CR_00690C	1484
CR_00700W	1521
CR_00710C	730
CR_00720W	321
CR_00740C	1948
CR_00750C	1570
CR_00760C	3808
CR_00770W	381
CR_00780C	2211
CR_00790C	336
CR_00800C	2901
CR_00810W	444
CR_00820C	1076
CR_00830W	1056
CR_00840C	552
CR_00850C	5428
CR_00860C	611
CR_00870C	1219
CR_00880W	1154
CR_00890C	586
CR_00900W	1721
CR_00910W	192
CR_00920W	2224
CR_00930W	1910
CR_00970W	525
CR_00980C	2539
CR_00990W	587
CR_01000C	4428
CR_01010W	493
CR_01020C	2403
CR_01030W	3180
CR_01040C	831
CR_01050C	2114
CR_01060W	1346
CR_01070W	1139
CR_01080W	6608
CR_01090W	2667
CR_01100C	566
CR_01110W	1707
CR_01120C	921
CR_01130W	4319
CR_01140C	1156
CR_01150C	2740
CR_01160W	399
CR_01170W	5255
CR_01180W	904
CR_01190C	393
CR_01200W	1398
CR_01210C	1729
CR_01220W	1563
CR_01230C	2854
CR_01240C	4295
CR_01250C	303
CR_01260W	2410
CR_01270C	2057
CR_01280C	636
CR_01290C	3328
CR_01300W	72
CR_01310W	103
CR_01320C	3622
CR_01330W	3565
CR_01340W	1644
CR_01350C	1293
CR_01360W	625
CR_01370C	1083
CR_01380W	3035
CR_01390W	781
CR_01400W	1190
CR_01410C	1327
CR_01420W	2038
CR_01430W	691
CR_01440C	496
CR_01460C	330
CR_01470W	1052
CR_01480W	2249
CR_01490C	742
CR_01500W	2865
CR_01510C	339
CR_01520W	1980
CR_01530C	333
CR_01540W	2415
CR_01550C	1239
CR_01560W	859
CR_01570W	646
CR_01580C	2192
CR_01590C	1911
CR_01600C	3019
CR_01610C	1174
CR_01620C	2697
CR_01630C	2044
CR_01640C	1349
CR_01650W	708
CR_01660C	985
CR_01670W	1604
CR_01680C	2947
CR_01690C	3415
CR_01700C	2942
CR_01710W	861
CR_01720W	3321
CR_01730W	784
CR_01740W	482
CR_01750C	1261
CR_01760C	1945
CR_01770C	3695
CR_01780W	984
CR_01790C	2409
CR_01800C	1116
CR_01810C	1206
CR_01820W	3157
CR_01830C	2246
CR_01840W	568
CR_01850C	252
CR_01860W	12
CR_01870C	588
CR_01900C	1621
CR_01910C	912
CR_01920W	1299
CR_01930C	1173
CR_01950W	941
CR_01960C	1611
CR_01970C	929
CR_01980C	1187
CR_01990C	3066
CR_02000C	2109
CR_02020C	2523
CR_02030C	1734
CR_02040W	2160
CR_02050C	2888
CR_02060W	1017
CR_02070C	1300
CR_02090C	1697
CR_02100C	651
CR_02110W	2688
CR_02120C	852
CR_02130W	63
CR_02140W	178
CR_02150W	2156
CR_02160W	5227
CR_02170W	1259
CR_02180W	1736
CR_02190C	3315
CR_02200C	1310
CR_02210W	4388
CR_02220C	3070
CR_02230W	318
CR_02240C	2854
CR_02250C	2463
CR_02260C	1179
CR_02270C	888
CR_02280W	934
CR_02290W	507
CR_02300C	2673
CR_02330C	1107
CR_02340W	105
CR_02350C	3201
CR_02360W	1398
CR_02370W	1136
CR_02380C	469
CR_02390W	2765
CR_02400W	1383
CR_02410W	3036
CR_02420W	876
CR_02430C	2691
CR_02440W	606
CR_02460W	2202
CR_02480W	468
CR_02490W	2597
CR_02500W	1604
CR_02510W	3689
CR_02520W	436
CR_02530W	1353
CR_02540W	3198
CR_02550C	1037
CR_02560C	3283
CR_02570C	1808
CR_02580W	976
CR_02590C	3348
CR_02600W	702
CR_02610C	1863
CR_02620C	885
CR_02630C	966
CR_02640W	3035
CR_02650C	1474
CR_02670C	1770
CR_02680W	2680
CR_02690W	960
CR_02700W	439
CR_02710W	1720
CR_02720C	1170
CR_02740W	2222
CR_02750C	909
CR_02760C	1611
CR_02770C	1345
CR_02780W	973
CR_02790C	1245
CR_02800C	3064
CR_02810W	1698
CR_02820W	1739
CR_02850C	3125
CR_02860W	712
CR_02870W	2564
CR_02880W	747
CR_02890C	2063
CR_02900W	789
CR_02910W	2896
CR_02920C	1015
CR_02930W	5949
CR_02940C	1359
CR_02950C	724
CR_02960W	1116
CR_02970C	2747
CR_02980C	1409
CR_02990C	1287
CR_03000C	621
CR_03010C	759
CR_03020C	1186
CR_03030C	911
CR_03040C	1638
CR_03050C	2021
CR_03060W	1180
CR_03070W	1214
CR_03080C	597
CR_03090C	694
CR_03100W	3295
CR_03110W	1570
CR_03120W	995
CR_03130W	646
CR_03140C	1052
CR_03150W	2835
CR_03160W	1001
CR_03170W	1772
CR_03180W	1218
CR_03200C	2438
CR_03210C	815
CR_03220C	1591
CR_03230W	2166
CR_03240C	1890
CR_03250C	1358
CR_03260W	350
CR_03270W	1792
CR_03280W	1122
CR_03290C	1899
CR_03300C	1188
CR_03310C	750
CR_03320C	648
CR_03330W	1144
CR_03340C	1153
CR_03350C	1851
CR_03360W	773
CR_03370C	921
CR_03380W	1182
CR_03390C	1878
CR_03400W	2979
CR_03410W	998
CR_03420C	1903
CR_03430W	393
CR_03440W	777
CR_03450W	470
CR_03460W	1092
CR_03470W	1929
CR_03480W	2628
CR_03490W	1956
CR_03500W	128
CR_03510W	1749
CR_03520C	1908
CR_03530W	1775
CR_03540W	1009
CR_03550W	1517
CR_03560W	860
CR_03570C	1013
CR_03580C	1128
CR_03590C	816
CR_03600C	730
CR_03610C	2957
CR_03620C	2784
CR_03630W	2823
CR_03640C	1352
CR_03650W	3088
CR_03660C	1838
CR_03670W	1944
CR_03680C	3876
CR_03690W	2708
CR_03700C	3657
CR_03710C	1634
CR_03720W	1022
CR_03730C	2286
CR_03740C	1104
CR_03750C	1372
CR_03760W	859
CR_03770C	961
CR_03780C	1085
CR_03790C	999
CR_03800C	1143
CR_03810W	2641
CR_03820C	1559
CR_03830C	2861
CR_03840C	1135
CR_03850W	2126
CR_03860C	1681
CR_03870W	401
CR_03880W	2913
CR_03890W	2683
CR_03900W	1929
CR_03910C	2662
CR_03920C	2355
CR_03930C	1592
CR_03940W	1158
CR_03950W	822
CR_03960C	1938
CR_03970C	804
CR_03980W	833
CR_03990C	1912
CR_04000W	1377
CR_04010C	1146
CR_04020C	904
CR_04030W	2759
CR_04040C	1433
CR_04050C	2068
CR_04060C	795
CR_04070W	836
CR_04080C	2256
CR_04090C	2047
CR_04100C	769
CR_04110W	1824
CR_04120C	2807
CR_04130C	1737
CR_04140W	1445
CR_04150W	1172
CR_04160C	1556
CR_04170W	1906
CR_04180C	2476
CR_04190W	1685
CR_04200W	1348
CR_04210C	1759
CR_04220C	1858
CR_04230W	908
CR_04240C	3353
CR_04250W	1637
CR_04260W	342
CR_04270C	817
CR_04280C	1736
CR_04290W	420
CR_04300W	2660
CR_04310C	806
CR_04330W	1283
CR_04340W	3262
CR_04350C	1488
CR_04360C	672
CR_04370W	817
CR_04380C	3051
CR_04390C	2740
CR_04400W	274
CR_04410W	1466
CR_04420C	1056
CR_04430W	312
CR_04440C	471
CR_04450C	2512
CR_04460C	975
CR_04470W	1089
CR_04480C	1743
CR_04490C	1009
CR_04500C	1531
CR_04510W	1533
CR_04520W	465
CR_04530W	1431
CR_04540C	456
CR_04550W	71
CR_04560C	1167
CR_04570C	1268
CR_04580W	645
CR_04590C	1007
CR_04600W	1815
CR_04610C	1552
CR_04620C	1515
CR_04630C	1438
CR_04640W	2384
CR_04650W	323
CR_04660C	1874
CR_04670C	354
CR_04680C	300
CR_04710W	493
CR_04720C	4516
CR_04730W	404
CR_04740C	4406
CR_04750W	324
CR_04760C	2174
CR_04770C	939
CR_04780W	559
CR_04790W	109
CR_04800W	2422
CR_04810W	833
CR_04820W	383
CR_04830C	2949
CR_04840C	2200
CR_04850C	893
CR_04860C	1503
CR_04870C	1694
CR_04880W	1191
CR_04890W	1018
CR_04900C	956
CR_04910W	1212
CR_04920W	1152
CR_04930W	1451
CR_04940W	1623
CR_04950W	3189
CR_04960C	1015
CR_04970C	1015
CR_04980C	579
CR_04990C	825
CR_05000C	324
CR_05010W	2052
CR_05020W	1672
CR_05030W	2976
CR_05040W	297
CR_05050W	1234
CR_05080W	115
CR_05090C	1970
CR_05100W	3893
CR_05120W	3047
CR_05130C	1027
CR_05140W	782
CR_05150W	321
CR_05160C	1216
CR_05170C	1345
CR_05180C	1051
CR_05190W	825
CR_05200C	713
CR_05210W	1063
CR_05220C	2222
CR_05240C	3702
CR_05250C	2000
CR_05260C	1424
CR_05270W	311
CR_05280W	317
CR_05290W	1202
CR_05300C	2380
CR_05310W	533
CR_05320C	312
CR_05330W	767
CR_05340C	1660
CR_05360C	1662
CR_05380C	990
CR_05390W	647
CR_05420W	312
CR_05430W	1062
CR_05440W	573
CR_05450C	804
CR_05460W	893
CR_05480W	1100
CR_05490W	1355
CR_05500C	2703
CR_05510W	2894
CR_05520W	2163
CR_05530C	2092
CR_05540C	2170
CR_05550C	3655
CR_05560W	1591
CR_05570C	2988
CR_05580C	625
CR_05610C	1453
CR_05620C	1756
CR_05630W	1360
CR_05640C	647
CR_05650W	1724
CR_05660W	2333
CR_05670C	918
CR_05680C	396
CR_05690W	1377
CR_05700C	1149
CR_05710C	1566
CR_05720W	1494
CR_05730C	1846
CR_05740C	1558
CR_05750W	1221
CR_05760C	1089
CR_05770W	1553
CR_05780W	1628
CR_05790C	2575
CR_05800C	584
CR_05830C	1566
CR_05840W	770
CR_05860W	740
CR_05880W	837
CR_05890C	1098
CR_05900W	1601
CR_05910W	423
CR_05920C	3954
CR_05940W	1408
CR_05950C	3456
CR_05960W	364
CR_05970C	1433
CR_05980W	3987
CR_05990C	4193
CR_06000W	2691
CR_06010W	1338
CR_06020W	2241
CR_06030C	2842
CR_06040W	2526
CR_06050W	1023
CR_06060W	791
CR_06070W	1290
CR_06080W	1133
CR_06090W	1060
CR_06100C	2105
CR_06110C	2729
CR_06120W	925
CR_06130C	351
CR_06140W	1878
CR_06150C	2019
CR_06160C	833
CR_06170W	870
CR_06180W	1241
CR_06230W	2090
CR_06240C	2010
CR_06250W	1324
CR_06260W	1233
CR_06270W	953
CR_06290C	1175
CR_06300C	927
CR_06310W	1131
CR_06320C	1745
CR_06330C	667
CR_06340C	1782
CR_06350C	285
CR_06380C	1711
CR_06420W	1655
CR_06430W	899
CR_06440C	3539
CR_06450W	2121
CR_06460W	1250
CR_06470W	2022
CR_06480C	2270
CR_06490C	1950
CR_06500C	1010
CR_06510W	524
CR_06520C	1261
CR_06530W	474
CR_06540W	2815
CR_06550C	327
CR_06560C	1071
CR_06570C	2919
CR_06580W	696
CR_06590C	1895
CR_06610W	1474
CR_06620W	1383
CR_06640C	1680
CR_06650C	689
CR_06660W	2027
CR_06670W	2298
CR_06680C	3579
CR_06690C	931
CR_06700C	859
CR_06710C	1427
CR_06720W	1601
CR_06730W	1917
CR_06740W	2811
CR_06750C	968
CR_06760C	1772
CR_06770C	1191
CR_06780W	112
CR_06790C	2858
CR_06800C	467
CR_06810W	423
CR_06820W	729
CR_06830C	1288
CR_06840W	2204
CR_06850C	413
CR_06860C	2015
CR_06870C	2253
CR_06900C	2371
CR_06910W	4766
CR_06920W	1198
CR_06930W	1333
CR_06940W	2230
CR_06950C	497
CR_06960W	1581
CR_06970C	1314
CR_06980W	519
CR_06990W	2595
CR_07000C	6764
CR_07010W	2904
CR_07020W	686
CR_07030C	1206
CR_07040W	1522
CR_07050C	7179
CR_07060C	2009
CR_07070C	3773
CR_07080W	863
CR_07090W	5887
CR_07100W	2855
CR_07110C	2563
CR_07120C	1256
CR_07130C	1734
CR_07140C	878
CR_07150W	1583
CR_07160C	1473
CR_07170W	1079
CR_07180W	1416
CR_07190W	2637
CR_07200W	1581
CR_07210W	527
CR_07220C	3480
CR_07230W	543
CR_07240C	1069
CR_07250C	2430
CR_07260C	603
CR_07270C	1742
CR_07280W	1322
CR_07290W	1209
CR_07300W	2190
CR_07310W	2018
CR_07320C	1068
CR_07330W	353
CR_07340C	1188
CR_07350W	2480
CR_07360W	2934
CR_07370W	455
CR_07380C	1012
CR_07390C	882
CR_07400C	1760
CR_07420W	1388
CR_07440W	2549
CR_07450C	3559
CR_07460C	2579
CR_07470W	508
CR_07480W	1338
CR_07490C	1128
CR_07500W	684
CR_07520C	1039
CR_07530C	3122
CR_07540C	1821
CR_07550C	303
CR_07560W	2637
CR_07570W	904
CR_07580C	4221
CR_07590W	713
CR_07600W	3397
CR_07610C	491
CR_07620W	1312
CR_07630C	1021
CR_07640C	1366
CR_07650W	1034
CR_07660C	2049
CR_07670W	819
CR_07680C	3425
CR_07690W	458
CR_07700W	2322
CR_07710W	1239
CR_07720C	2062
CR_07730W	1996
CR_07740W	229
CR_07750C	2001
CR_07760W	273
CR_07770C	1524
CR_07780W	1941
CR_07790C	1314
CR_07800W	2469
CR_07810W	1265
CR_07820W	2184
CR_07830C	1225
CR_07840C	588
CR_07850W	2065
CR_07860C	954
CR_07870W	990
CR_07890W	3156
CR_07900C	333
CR_07910C	3815
CR_07920W	2229
CR_07930C	312
CR_07940W	2127
CR_07950W	913
CR_07960C	3341
CR_07970C	357
CR_07990C	375
CR_08000C	1784
CR_08010W	114
CR_08020C	595
CR_08030C	2443
CR_08040W	1250
CR_08050C	939
CR_08060C	985
CR_08070W	1443
CR_08080W	923
CR_08090W	1878
CR_08100C	1584
CR_08110W	1361
CR_08120C	2760
CR_08130W	1214
CR_08150W	390
CR_08160W	2003
CR_08170C	1571
CR_08180C	926
CR_08190W	492
CR_08200C	4655
CR_08210C	2471
CR_08250C	2788
CR_08260C	306
CR_08270W	1284
CR_08280W	1035
CR_08290W	1306
CR_08300C	4697
CR_08310C	1554
CR_08320W	1027
CR_08330W	718
CR_08340W	1197
CR_08350W	1377
CR_08360C	699
CR_08370W	1512
CR_08380C	1016
CR_08400C	473
CR_08410W	1411
CR_08420W	1867
CR_08430W	2731
CR_08440W	1932
CR_08450C	2219
CR_08460W	67
CR_08470W	1587
CR_08480C	445
CR_08490W	2610
CR_08500W	1325
CR_08510W	1406
CR_08520C	1081
CR_08540C	2694
CR_08550W	1136
CR_08560C	748
CR_08570W	3804
CR_08580C	826
CR_08590W	2336
CR_08600C	1179
CR_08610W	465
CR_08620C	1140
CR_08630W	1882
CR_08640C	2034
CR_08650C	2475
CR_08660W	7293
CR_08670C	862
CR_08680C	2192
CR_08690C	974
CR_08700C	792
CR_08710W	2182
CR_08720W	1917
CR_08740W	678
CR_08820C	267
CR_08830W	346
CR_08840C	1164
CR_08850W	321
CR_08860W	1566
CR_08870W	1403
CR_08880C	710
CR_08890C	1035
CR_08900C	1207
CR_08910C	1404
CR_08920W	1412
CR_08930C	649
CR_08940W	1032
CR_08950W	74
CR_08960C	2259
CR_08980C	1658
CR_08990C	1269
CR_09010C	1311
CR_09020C	3412
CR_09030C	297
CR_09040W	822
CR_09050C	1839
CR_09060W	815
CR_09070C	1597
CR_09090C	1364
CR_09100C	1246
CR_09110C	1014
CR_09120C	1883
CR_09140C	2660
CR_09150W	944
CR_09160C	1589
CR_09170C	1611
CR_09180W	1166
CR_09190C	1035
CR_09200C	1774
CR_09210W	1601
CR_09220C	1371
CR_09230C	2117
CR_09240C	635
CR_09270C	1637
CR_09290W	1782
CR_09300C	1112
CR_09310W	1787
CR_09320C	873
CR_09330C	2886
CR_09340W	556
CR_09350C	870
CR_09360W	1723
CR_09370W	3657
CR_09380W	129
CR_09390C	2250
CR_09410W	2294
CR_09420C	2713
CR_09430C	330
CR_09440C	1255
CR_09460C	577
CR_09470W	4457
CR_09480W	1872
CR_09490W	2614
CR_09500C	1344
CR_09510C	956
CR_09520C	3040
CR_09530C	2318
CR_09550C	939
CR_09560C	1453
CR_09570W	1157
CR_09580C	1413
CR_09590W	973
CR_09600C	694
CR_09610C	1549
CR_09620C	1212
CR_09640C	522
CR_09650W	2272
CR_09660W	1755
CR_09670C	1045
CR_09680C	2051
CR_09690C	2093
CR_09700W	3265
CR_09710W	1363
CR_09720W	716
CR_09730C	1387
CR_09740W	1602
CR_09750C	1377
CR_09760W	587
CR_09770C	2292
CR_09780C	2315
CR_09790W	1756
CR_09800C	2855
CR_09810W	753
CR_09820C	435
CR_09830W	1680
CR_09840C	844
CR_09850C	862
CR_09860W	2600
CR_09880W	2840
CR_09890C	1196
CR_09900C	2334
CR_09910W	1952
CR_09920W	1987
CR_09930W	1636
CR_09940W	843
CR_09950C	1829
CR_09960C	3103
CR_09970W	96
CR_09980W	4334
CR_09990W	4454
CR_10000C	407
CR_10010C	1602
CR_10020C	1028
CR_10030W	1637
CR_10040W	358
CR_10060W	1442
CR_10070C	2132
CR_10100C	2260
CR_10110W	2024
CR_10120C	1100
CR_10130W	732
CR_10140W	2326
CR_10160W	2599
CR_10170C	1727
CR_10180W	689
CR_10190C	1483
CR_10200W	1087
CR_10210W	945
CR_10230W	1353
CR_10240W	1964
CR_10250C	1523
CR_10260W	1123
CR_10270C	1138
CR_10280W	396
CR_10290C	4046
CR_10300W	871
CR_10310W	982
CR_10320W	488
CR_10330W	581
CR_10340W	3320
CR_10350C	548
CR_10360C	2273
CR_10370W	932
CR_10380C	1144
CR_10390W	822
CR_10400W	669
CR_10410C	916
CR_10420W	1904
CR_10430C	770
CR_10440W	2733
CR_10450C	1038
CR_10470C	1683
CR_10480W	560
CR_10490W	807
CR_10500C	976
CR_10510W	3330
CR_10520C	752
CR_10530W	1529
CR_10540C	1779
CR_10550W	1854
CR_10570C	1735
CR_10580W	1333
CR_10590W	2473
CR_10600C	1044
CR_10610C	467
CR_10620C	2061
CR_10630W	939
CR_10640W	1583
CR_10650W	1163
CR_10660W	1169
CR_10670W	1129
CR_10680W	5408
CR_10690W	796
CR_10700W	1043
CR_10710C	1604
CR_10720W	1960
CR_10730C	1005
CR_10740W	714
CR_10750C	408
CR_10760C	553
CR_10770W	1649
CR_10780C	818
CR_10790W	1796
CR_10800C	2819
CR_10810C	1018
CR_10820W	438
CR_10830C	507
CR_10840C	1191
CR_10850C	544
CR_10860C	913
